id,code
1,11
2,4
3,12
4,13
5,3
6,8
7,4
8,1
9,8
10,6
11,5
12,7
13,9
14,4
15,10
16,10
17,11
18,9
19,15
20,13
21,11
22,2
23,2
24,4
25,7
26,9
27,3
28,2
29,13
30,15
31,5
32,3
33,11
34,4
35,5
36,1
37,14
38,15
39,8
40,1
41,7
42,15
43,8
44,1
45,2
46,3
47,2
48,13
49,14
50,8
51,13
52,15
53,12
54,7
55,3
56,2
57,1
58,8
59,15
60,5
61,4
62,12
63,13
64,6
65,8
66,12
67,14
68,6
69,3
70,10
71,12
72,6
73,13
74,1
75,3
76,13
77,1
78,6
79,3
80,15
81,2
82,2
83,15
84,12
85,11
86,13
87,12
88,9
89,9
90,6
91,7
92,4
93,11
94,2
95,1
96,2
97,6
98,1
99,14
100,15
101,14
102,15
103,3
104,4
105,1
106,1
107,10
108,12
109,14
110,6
111,13
112,6
113,12
114,5
115,3
116,14
117,1
118,11
119,7
120,2
121,4
122,7
123,8
124,2
125,14
126,4
127,7
128,3
129,14
130,12
131,11
132,13
133,2
134,12
135,10
136,10
137,15
138,13
139,9
140,11
141,13
142,1
143,5
144,2
145,10
146,3
147,14
148,9
149,12
150,1
151,9
152,7
153,6
154,13
155,8
156,10
157,13
158,11
159,6
160,10
161,11
162,14
163,7
164,12
165,2
166,7
167,7
168,8
169,13
170,11
171,7
172,5
173,11
174,4
175,7
176,10
177,15
178,10
179,15
180,12
181,9
182,4
183,14
184,4
185,5
186,3
187,11
188,6
189,4
190,5
191,1
192,15
193,3
194,11
195,2
196,10
197,3
198,9
199,10
200,2
201,1
202,6
203,2
204,4
205,1
206,9
207,10
208,10
209,5
210,12
211,9
212,5
213,3
214,9
215,15
216,5
217,1
218,6
219,1
220,13
221,2
222,13
223,2
224,13
225,3
226,3
227,9
228,13
229,6
230,15
231,11
232,7
233,2
234,1
235,8
236,2
237,14
238,6
239,9
240,9
241,9
242,7
243,7
244,8
245,4
246,6
247,9
248,10
249,2
250,10
251,7
252,6
253,5
254,7
255,13
256,8
257,5
258,10
259,10
260,12
261,2
262,15
263,2
264,12
265,10
266,8
267,10
268,15
269,10
270,1
271,1
272,14
273,11
274,3
275,7
276,12
277,11
278,6
279,2
280,5
281,4
282,5
283,13
284,14
285,5
286,8
287,6
288,2
289,1
290,4
291,6
292,11
293,11
294,15
295,6
296,13
297,5
298,1
299,14
300,2
301,9
302,1
303,1
304,11
305,11
306,15
307,7
308,7
309,3
310,5
311,14
312,1
313,7
314,8
315,15
316,15
317,13
318,5
319,5
320,15
321,5
322,2
323,14
324,4
325,3
326,12
327,5
328,13
329,1
330,10
331,14
332,8
333,6
334,1
335,9
336,13
337,4
338,10
339,12
340,11
341,1
342,3
343,12
344,15
345,15
346,8
347,11
348,4
349,8
350,13
351,8
352,6
353,10
354,11
355,11
356,8
357,5
358,11
359,8
360,6
361,3
362,10
363,13
364,8
365,11
366,11
367,2
368,9
369,5
370,1
371,12
372,14
373,14
374,6
375,3
376,5
377,10
378,9
379,14
380,10
381,15
382,10
383,8
384,7
385,6
386,1
387,4
388,5
389,10
390,4
391,9
392,7
393,2
394,8
395,2
396,9
397,5
398,13
399,15
400,3
401,11
402,7
403,5
404,6
405,3
406,12
407,2
408,2
409,9
410,9
411,5
412,6
413,3
414,2
415,11
416,3
417,3
418,15
419,3
420,8
421,1
422,11
423,2
424,10
425,14
426,7
427,7
428,7
429,15
430,1
431,1
432,12
433,8
434,14
435,11
436,10
437,6
438,5
439,5
440,9
441,15
442,1
443,10
444,10
445,6
446,8
447,4
448,9
449,11
450,5
451,13
452,15
453,15
454,4
455,6
456,2
457,3
458,11
459,15
460,2
461,10
462,1
463,15
464,6
465,3
466,15
467,8
468,9
469,12
470,3
471,2
472,3
473,15
474,14
475,1
476,7
477,2
478,13
479,4
480,9
481,11
482,8
483,14
484,11
485,12
486,11
487,13
488,2
489,13
490,2
491,1
492,8
493,2
494,4
495,4
496,11
497,2
498,2
499,13
500,4
501,6
502,13
503,3
504,15
505,5
506,13
507,10
508,4
509,3
510,15
511,14
512,2
513,4
514,2
515,5
516,2
517,9
518,4
519,9
520,7
521,13
522,12
523,6
524,10
525,13
526,14
527,7
528,7
529,11
530,13
531,5
532,10
533,10
534,5
535,14
536,9
537,5
538,14
539,14
540,3
541,15
542,4
543,11
544,3
545,6
546,15
547,10
548,12
549,3
550,13
551,5
552,11
553,13
554,6
555,4
556,10
557,13
558,12
559,10
560,10
561,13
562,12
563,4
564,12
565,8
566,12
567,5
568,12
569,12
570,8
571,7
572,6
573,8
574,4
575,8
576,6
577,13
578,3
579,6
580,15
581,15
582,11
583,5
584,10
585,13
586,5
587,6
588,9
589,9
590,14
591,2
592,13
593,6
594,15
595,12
596,3
597,12
598,4
599,6
600,7
601,7
602,15
603,14
604,13
605,11
606,9
607,13
608,5
609,7
610,9
611,8
612,7
613,9
614,9
615,11
616,5
617,6
618,3
619,1
620,5
621,10
622,11
623,10
624,5
625,5
626,2
627,5
628,8
629,10
630,2
631,4
632,10
633,13
634,14
635,10
636,8
637,13
638,11
639,12
640,8
641,15
642,14
643,9
644,7
645,4
646,10
647,4
648,6
649,2
650,1
651,9
652,13
653,11
654,7
655,2
656,3
657,2
658,4
659,11
660,11
661,12
662,8
663,5
664,10
665,12
666,8
667,8
668,8
669,12
670,9
671,3
672,13
673,8
674,4
675,15
676,12
677,12
678,13
679,1
680,8
681,11
682,8
683,4
684,7
685,4
686,12
687,15
688,6
689,4
690,11
691,4
692,15
693,3
694,11
695,15
696,13
697,4
698,15
699,9
700,14
701,15
702,12
703,9
704,12
705,13
706,8
707,15
708,14
709,5
710,14
711,11
712,11
713,13
714,2
715,6
716,2
717,3
718,11
719,12
720,7
721,6
722,1
723,4
724,4
725,3
726,11
727,2
728,5
729,6
730,9
731,7
732,14
733,1
734,13
735,11
736,4
737,6
738,6
739,15
740,8
741,3
742,15
743,8
744,4
745,13
746,14
747,1
748,8
749,2
750,5
751,15
752,12
753,8
754,8
755,5
756,3
757,8
758,1
759,2
760,14
761,11
762,8
763,1
764,6
765,2
766,5
767,10
768,10
769,1
770,15
771,1
772,8
773,4
774,14
775,3
776,14
777,1
778,5
779,2
780,8
781,10
782,7
783,6
784,14
785,2
786,5
787,1
788,3
789,1
790,4
791,8
792,5
793,8
794,3
795,1
796,11
797,14
798,10
799,11
800,5
801,7
802,3
803,1
804,12
805,4
806,15
807,15
808,15
809,6
810,6
811,6
812,5
813,4
814,14
815,10
816,3
817,15
818,15
819,4
820,4
821,13
822,8
823,7
824,14
825,6
826,14
827,10
828,4
829,2
830,11
831,9
832,6
833,13
834,6
835,14
836,6
837,12
838,13
839,14
840,5
841,9
842,4
843,9
844,10
845,9
846,13
847,12
848,2
849,3
850,13
851,4
852,5
853,10
854,9
855,15
856,10
857,10
858,9
859,5
860,5
861,8
862,13
863,11
864,4
865,13
866,9
867,15
868,15
869,12
870,15
871,9
872,8
873,3
874,3
875,8
876,9
877,8
878,14
879,9
880,11
881,4
882,7
883,10
884,3
885,7
886,9
887,12
888,14
889,8
890,2
891,11
892,2
893,15
894,8
895,2
896,4
897,6
898,2
899,5
900,10
901,9
902,3
903,1
904,9
905,8
906,7
907,10
908,4
909,1
910,12
911,9
912,3
913,1
914,12
915,12
916,4
917,3
918,7
919,5
920,2
921,14
922,6
923,12
924,5
925,7
926,5
927,10
928,10
929,11
930,2
931,2
932,15
933,7
934,4
935,1
936,6
937,8
938,8
939,1
940,2
941,5
942,10
943,4
944,14
945,7
946,2
947,9
948,14
949,8
950,3
951,13
952,8
953,12
954,9
955,13
956,12
957,1
958,6
959,4
960,3
961,3
962,3
963,8
964,9
965,12
966,7
967,11
968,15
969,4
970,12
971,1
972,10
973,6
974,5
975,2
976,2
977,6
978,14
979,14
980,14
981,15
982,6
983,13
984,12
985,15
986,8
987,5
988,10
989,8
990,4
991,10
992,8
993,4
994,7
995,2
996,1
997,5
998,12
999,13
1000,6
1001,15
1002,10
1003,13
1004,3
1005,12
1006,14
1007,14
1008,1
1009,11
1010,5
1011,4
1012,5
1013,2
1014,1
1015,3
1016,2
1017,2
1018,3
1019,7
1020,10
1021,12
1022,5
1023,10
1024,4
1025,11
1026,3
1027,15
1028,8
1029,6
1030,9
1031,14
1032,2
1033,3
1034,15
1035,8
1036,3
1037,8
1038,1
1039,10
1040,3
1041,9
1042,12
1043,3
1044,11
1045,14
1046,1
1047,6
1048,13
1049,12
1050,2
1051,9
1052,9
1053,3
1054,2
1055,5
1056,3
1057,13
1058,15
1059,13
1060,5
1061,7
1062,6
1063,2
1064,11
1065,14
1066,7
1067,13
1068,10
1069,12
1070,6
1071,7
1072,13
1073,8
1074,15
1075,2
1076,12
1077,4
1078,4
1079,9
1080,5
1081,14
1082,9
1083,4
1084,9
1085,1
1086,3
1087,4
1088,2
1089,9
1090,9
1091,12
1092,9
1093,15
1094,14
1095,3
1096,7
1097,2
1098,5
1099,8
1100,10
1101,15
1102,2
1103,12
1104,1
1105,4
1106,9
1107,11
1108,9
1109,6
1110,1
1111,12
1112,5
1113,4
1114,3
1115,4
1116,10
1117,15
1118,7
1119,3
1120,9
1121,8
1122,12
1123,3
1124,10
1125,4
1126,3
1127,8
1128,14
1129,14
1130,9
1131,2
1132,2
1133,7
1134,4
1135,14
1136,10
1137,13
1138,7
1139,7
1140,5
1141,6
1142,15
1143,12
1144,14
1145,6
1146,12
1147,12
1148,6
1149,13
1150,10
1151,8
1152,13
1153,9
1154,7
1155,12
1156,15
1157,7
1158,8
1159,5
1160,9
1161,15
1162,6
1163,1
1164,14
1165,3
1166,7
1167,1
1168,15
1169,13
1170,10
1171,8
1172,1
1173,8
1174,10
1175,14
1176,15
1177,5
1178,4
1179,12
1180,10
1181,1
1182,4
1183,2
1184,1
1185,13
1186,15
1187,7
1188,12
1189,7
1190,6
1191,9
1192,10
1193,8
1194,8
1195,13
1196,1
1197,15
1198,8
1199,7
1200,3
1201,12
1202,11
1203,6
1204,14
1205,1
1206,5
1207,4
1208,9
1209,15
1210,13
1211,5
1212,4
1213,2
1214,10
1215,1
1216,13
1217,10
1218,7
1219,2
1220,2
1221,9
1222,15
1223,13
1224,11
1225,2
1226,1
1227,7
1228,15
1229,6
1230,15
1231,9
1232,9
1233,4
1234,5
1235,15
1236,12
1237,14
1238,12
1239,11
1240,7
1241,10
1242,7
1243,4
1244,12
1245,6
1246,13
1247,6
1248,13
1249,1
1250,11
1251,7
1252,14
1253,8
1254,9
1255,12
1256,7
1257,13
1258,13
1259,9
1260,6
1261,4
1262,6
1263,9
1264,9
1265,6
1266,6
1267,5
1268,8
1269,15
1270,3
1271,4
1272,7
1273,14
1274,12
1275,5
1276,8
1277,7
1278,5
1279,15
1280,2
1281,5
1282,12
1283,1
1284,9
1285,8
1286,12
1287,12
1288,10
1289,2
1290,9
1291,5
1292,7
1293,15
1294,7
1295,15
1296,7
1297,3
1298,1
1299,2
1300,7
1301,14
1302,14
1303,8
1304,5
1305,5
1306,12
1307,10
1308,7
1309,1
1310,13
1311,8
1312,12
1313,14
1314,2
1315,8
1316,4
1317,9
1318,8
1319,2
1320,3
1321,11
1322,10
1323,12
1324,7
1325,14
1326,7
1327,7
1328,9
1329,1
1330,2
1331,9
1332,3
1333,13
1334,15
1335,11
1336,15
1337,4
1338,3
1339,13
1340,5
1341,15
1342,13
1343,13
1344,8
1345,7
1346,2
1347,2
1348,8
1349,4
1350,2
1351,2
1352,10
1353,14
1354,10
1355,10
1356,6
1357,4
1358,13
1359,12
1360,6
1361,11
1362,3
1363,13
1364,2
1365,11
1366,10
1367,2
1368,4
1369,1
1370,6
1371,10
1372,6
1373,15
1374,12
1375,12
1376,1
1377,1
1378,8
1379,1
1380,2
1381,10
1382,3
1383,9
1384,1
1385,15
1386,14
1387,8
1388,10
1389,6
1390,2
1391,15
1392,10
1393,1
1394,14
1395,2
1396,9
1397,11
1398,14
1399,7
1400,5
1401,13
1402,7
1403,13
1404,3
1405,2
1406,5
1407,2
1408,8
1409,14
1410,1
1411,14
1412,11
1413,12
1414,3
1415,12
1416,14
1417,14
1418,9
1419,9
1420,4
1421,14
1422,5
1423,5
1424,13
1425,7
1426,8
1427,11
1428,7
1429,4
1430,7
1431,11
1432,12
1433,6
1434,2
1435,2
1436,6
1437,12
1438,12
1439,2
1440,15
1441,4
1442,7
1443,9
1444,10
1445,3
1446,3
1447,12
1448,4
1449,2
1450,11
1451,11
1452,9
1453,3
1454,1
1455,14
1456,11
1457,9
1458,1
1459,9
1460,7
1461,5
1462,4
1463,9
1464,11
1465,7
1466,7
1467,4
1468,3
1469,13
1470,6
1471,11
1472,10
1473,12
1474,15
1475,10
1476,14
1477,9
1478,9
1479,2
1480,5
1481,5
1482,2
1483,7
1484,5
1485,1
1486,8
1487,13
1488,7
1489,5
1490,12
1491,3
1492,4
1493,2
1494,9
1495,2
1496,5
1497,8
1498,10
1499,4
1500,7
1501,15
1502,14
1503,9
1504,11
1505,9
1506,8
1507,7
1508,10
1509,8
1510,12
1511,5
1512,12
1513,10
1514,13
1515,2
1516,8
1517,5
1518,15
1519,7
1520,9
1521,5
1522,2
1523,13
1524,11
1525,5
1526,4
1527,2
1528,10
1529,2
1530,14
1531,9
1532,1
1533,1
1534,13
1535,13
1536,5
1537,7
1538,11
1539,3
1540,7
1541,1
1542,1
1543,11
1544,9
1545,14
1546,5
1547,15
1548,1
1549,12
1550,14
1551,10
1552,8
1553,5
1554,7
1555,4
1556,2
1557,1
1558,15
1559,11
1560,10
1561,5
1562,2
1563,12
1564,3
1565,13
1566,2
1567,15
1568,6
1569,5
1570,9
1571,7
1572,3
1573,13
1574,8
1575,6
1576,3
1577,14
1578,8
1579,4
1580,9
1581,4
1582,7
1583,7
1584,11
1585,12
1586,4
1587,13
1588,15
1589,15
1590,14
1591,3
1592,5
1593,4
1594,6
1595,8
1596,9
1597,3
1598,7
1599,7
1600,2
1601,10
1602,4
1603,7
1604,9
1605,7
1606,14
1607,6
1608,7
1609,12
1610,11
1611,14
1612,6
1613,6
1614,9
1615,6
1616,1
1617,7
1618,4
1619,9
1620,9
1621,5
1622,7
1623,13
1624,2
1625,8
1626,6
1627,10
1628,1
1629,7
1630,12
1631,13
1632,6
1633,8
1634,9
1635,8
1636,12
1637,11
1638,10
1639,6
1640,5
1641,3
1642,8
1643,5
1644,6
1645,5
1646,2
1647,7
1648,1
1649,11
1650,13
1651,10
1652,12
1653,10
1654,11
1655,5
1656,4
1657,14
1658,13
1659,1
1660,5
1661,4
1662,10
1663,12
1664,1
1665,9
1666,15
1667,7
1668,12
1669,7
1670,1
1671,11
1672,14
1673,1
1674,14
1675,11
1676,5
1677,10
1678,2
1679,3
1680,5
1681,1
1682,10
1683,7
1684,14
1685,11
1686,2
1687,14
1688,10
1689,7
1690,5
1691,4
1692,5
1693,5
1694,9
1695,2
1696,12
1697,15
1698,1
1699,12
1700,7
1701,5
1702,9
1703,10
1704,9
1705,15
1706,5
1707,11
1708,6
1709,13
1710,4
1711,4
1712,13
1713,10
1714,7
1715,13
1716,11
1717,7
1718,1
1719,9
1720,6
1721,4
1722,15
1723,11
1724,1
1725,15
1726,3
1727,3
1728,15
1729,12
1730,12
1731,10
1732,15
1733,2
1734,8
1735,6
1736,8
1737,7
1738,8
1739,7
1740,8
1741,7
1742,3
1743,3
1744,11
1745,10
1746,5
1747,9
1748,11
1749,10
1750,9
1751,6
1752,14
1753,3
1754,4
1755,8
1756,1
1757,9
1758,2
1759,8
1760,6
1761,1
1762,10
1763,10
1764,2
1765,9
1766,13
1767,8
1768,10
1769,12
1770,3
1771,14
1772,2
1773,14
1774,9
1775,9
1776,6
1777,12
1778,13
1779,4
1780,15
1781,3
1782,8
1783,4
1784,1
1785,12
1786,4
1787,6
1788,1
1789,4
1790,2
1791,13
1792,12
1793,3
1794,3
1795,3
1796,3
1797,12
1798,1
1799,2
1800,12
1801,15
1802,15
1803,7
1804,1
1805,14
1806,12
1807,11
1808,6
1809,11
1810,4
1811,10
1812,10
1813,13
1814,15
1815,5
1816,2
1817,6
1818,14
1819,10
1820,3
1821,6
1822,9
1823,10
1824,13
1825,15
1826,2
1827,14
1828,10
1829,12
1830,11
1831,15
1832,12
1833,3
1834,10
1835,15
1836,12
1837,12
1838,7
1839,9
1840,9
1841,3
1842,15
1843,7
1844,8
1845,10
1846,8
1847,6
1848,7
1849,2
1850,11
1851,4
1852,15
1853,8
1854,1
1855,7
1856,2
1857,7
1858,12
1859,3
1860,3
1861,13
1862,1
1863,12
1864,5
1865,11
1866,5
1867,13
1868,1
1869,6
1870,6
1871,2
1872,9
1873,4
1874,12
1875,12
1876,5
1877,10
1878,15
1879,15
1880,2
1881,9
1882,15
1883,14
1884,12
1885,3
1886,8
1887,11
1888,4
1889,8
1890,11
1891,8
1892,7
1893,13
1894,12
1895,15
1896,1
1897,13
1898,13
1899,13
1900,11
1901,3
1902,13
1903,14
1904,4
1905,15
1906,7
1907,15
1908,15
1909,7
1910,8
1911,9
1912,2
1913,8
1914,5
1915,13
1916,10
1917,6
1918,4
1919,8
1920,15
1921,10
1922,9
1923,9
1924,8
1925,15
1926,6
1927,11
1928,13
1929,10
1930,14
1931,2
1932,13
1933,3
1934,12
1935,6
1936,7
1937,7
1938,3
1939,9
1940,3
1941,9
1942,12
1943,2
1944,9
1945,5
1946,1
1947,2
1948,12
1949,14
1950,10
1951,3
1952,2
1953,7
1954,10
1955,8
1956,15
1957,7
1958,14
1959,9
1960,11
1961,5
1962,3
1963,6
1964,1
1965,8
1966,10
1967,8
1968,15
1969,2
1970,12
1971,11
1972,12
1973,3
1974,8
1975,11
1976,4
1977,2
1978,13
1979,14
1980,7
1981,9
1982,3
1983,4
1984,10
1985,3
1986,15
1987,10
1988,8
1989,13
1990,15
1991,13
1992,7
1993,7
1994,4
1995,9
1996,11
1997,3
1998,13
1999,4
2000,4
2001,7
2002,15
2003,4
2004,3
2005,10
2006,6
2007,7
2008,11
2009,14
2010,13
2011,8
2012,13
2013,15
2014,1
2015,14
2016,14
2017,2
2018,8
2019,2
2020,3
2021,9
2022,3
2023,11
2024,3
2025,6
2026,1
2027,1
2028,4
2029,2
2030,9
2031,13
2032,8
2033,15
2034,7
2035,10
2036,1
2037,14
2038,9
2039,6
2040,14
2041,14
2042,11
2043,5
2044,7
2045,11
2046,4
2047,6
2048,7
2049,11
2050,8
2051,10
2052,9
2053,1
2054,14
2055,8
2056,10
2057,10
2058,1
2059,4
2060,2
2061,1
2062,2
2063,9
2064,6
2065,14
2066,4
2067,3
2068,15
2069,15
2070,1
2071,1
2072,14
2073,11
2074,8
2075,12
2076,11
2077,9
2078,2
2079,2
2080,1
2081,6
2082,13
2083,12
2084,14
2085,9
2086,15
2087,4
2088,10
2089,15
2090,2
2091,5
2092,4
2093,12
2094,9
2095,8
2096,13
2097,13
2098,12
2099,3
2100,3
2101,6
2102,11
2103,13
2104,6
2105,6
2106,1
2107,2
2108,7
2109,15
2110,2
2111,3
2112,3
2113,1
2114,9
2115,9
2116,1
2117,4
2118,14
2119,7
2120,10
2121,6
2122,13
2123,4
2124,11
2125,14
2126,9
2127,8
2128,5
2129,9
2130,10
2131,7
2132,10
2133,15
2134,12
2135,10
2136,14
2137,1
2138,1
2139,11
2140,9
2141,11
2142,15
2143,13
2144,12
2145,5
2146,15
2147,10
2148,6
2149,14
2150,2
2151,5
2152,3
2153,11
2154,7
2155,8
2156,11
2157,6
2158,7
2159,4
2160,8
2161,13
2162,4
2163,7
2164,5
2165,10
2166,3
2167,3
2168,8
2169,7
2170,3
2171,9
2172,2
2173,1
2174,1
2175,5
2176,1
2177,9
2178,15
2179,5
2180,15
2181,2
2182,4
2183,15
2184,11
2185,15
2186,13
2187,2
2188,6
2189,2
2190,12
2191,15
2192,11
2193,8
2194,5
2195,15
2196,4
2197,12
2198,7
2199,9
2200,1
2201,3
2202,10
2203,8
2204,15
2205,12
2206,6
2207,6
2208,4
2209,11
2210,7
2211,3
2212,13
2213,13
2214,15
2215,4
2216,3
2217,10
2218,6
2219,15
2220,6
2221,8
2222,6
2223,3
2224,10
2225,3
2226,10
2227,13
2228,5
2229,14
2230,14
2231,12
2232,14
2233,15
2234,4
2235,11
2236,14
2237,13
2238,15
2239,15
2240,15
2241,10
2242,13
2243,1
2244,4
2245,2
2246,5
2247,14
2248,4
2249,9
2250,12
2251,11
2252,13
2253,15
2254,12
2255,11
2256,9
2257,1
2258,4
2259,13
2260,15
2261,15
2262,2
2263,9
2264,7
2265,2
2266,3
2267,5
2268,8
2269,9
2270,4
2271,2
2272,15
2273,5
2274,7
2275,2
2276,12
2277,13
2278,12
2279,4
2280,13
2281,11
2282,9
2283,13
2284,12
2285,15
2286,9
2287,1
2288,4
2289,3
2290,14
2291,7
2292,8
2293,15
2294,4
2295,12
2296,1
2297,2
2298,4
2299,13
2300,5
2301,5
2302,14
2303,2
2304,8
2305,9
2306,4
2307,10
2308,7
2309,11
2310,11
2311,4
2312,5
2313,2
2314,1
2315,15
2316,8
2317,15
2318,13
2319,11
2320,10
2321,7
2322,3
2323,8
2324,5
2325,3
2326,9
2327,1
2328,11
2329,7
2330,6
2331,9
2332,8
2333,2
2334,3
2335,4
2336,2
2337,7
2338,14
2339,11
2340,2
2341,1
2342,1
2343,14
2344,8
2345,6
2346,9
2347,9
2348,2
2349,12
2350,8
2351,6
2352,2
2353,14
2354,3
2355,8
2356,13
2357,12
2358,12
2359,2
2360,3
2361,12
2362,4
2363,10
2364,11
2365,11
2366,13
2367,9
2368,9
2369,6
2370,11
2371,11
2372,13
2373,5
2374,2
2375,10
2376,14
2377,7
2378,3
2379,4
2380,7
2381,14
2382,13
2383,12
2384,13
2385,13
2386,9
2387,2
2388,7
2389,2
2390,12
2391,6
2392,1
2393,6
2394,10
2395,1
2396,11
2397,13
2398,10
2399,1
2400,6
2401,4
2402,5
2403,6
2404,3
2405,5
2406,4
2407,6
2408,2
2409,15
2410,1
2411,12
2412,3
2413,13
2414,9
2415,8
2416,6
2417,10
2418,4
2419,5
2420,2
2421,8
2422,11
2423,13
2424,13
2425,1
2426,11
2427,5
2428,9
2429,13
2430,7
2431,14
2432,4
2433,15
2434,4
2435,12
2436,6
2437,14
2438,5
2439,14
2440,4
2441,12
2442,8
2443,1
2444,11
2445,14
2446,13
2447,2
2448,10
2449,14
2450,12
2451,7
2452,14
2453,15
2454,14
2455,13
2456,6
2457,10
2458,2
2459,4
2460,14
2461,3
2462,13
2463,8
2464,11
2465,8
2466,1
2467,15
2468,8
2469,7
2470,13
2471,9
2472,15
2473,6
2474,11
2475,4
2476,11
2477,15
2478,15
2479,15
2480,12
2481,3
2482,7
2483,3
2484,1
2485,2
2486,12
2487,7
2488,4
2489,6
2490,5
2491,9
2492,9
2493,4
2494,4
2495,15
2496,6
2497,7
2498,9
2499,1
2500,15
2501,1
2502,10
2503,15
2504,15
2505,12
2506,5
2507,1
2508,14
2509,2
2510,8
2511,6
2512,10
2513,2
2514,9
2515,2
2516,14
2517,5
2518,9
2519,8
2520,2
2521,3
2522,15
2523,1
2524,11
2525,9
2526,11
2527,1
2528,2
2529,13
2530,13
2531,1
2532,15
2533,5
2534,15
2535,11
2536,2
2537,1
2538,4
2539,13
2540,4
2541,14
2542,12
2543,1
2544,15
2545,8
2546,1
2547,1
2548,1
2549,2
2550,3
2551,7
2552,14
2553,4
2554,13
2555,4
2556,11
2557,13
2558,1
2559,8
2560,8
2561,6
2562,2
2563,6
2564,7
2565,12
2566,13
2567,6
2568,9
2569,3
2570,6
2571,6
2572,5
2573,9
2574,10
2575,1
2576,6
2577,13
2578,15
2579,1
2580,1
2581,8
2582,15
2583,3
2584,11
2585,3
2586,15
2587,11
2588,15
2589,13
2590,7
2591,15
2592,11
2593,3
2594,12
2595,13
2596,15
2597,1
2598,6
2599,11
2600,9
2601,1
2602,4
2603,8
2604,2
2605,8
2606,13
2607,12
2608,6
2609,4
2610,3
2611,1
2612,7
2613,6
2614,3
2615,4
2616,6
2617,3
2618,14
2619,6
2620,2
2621,14
2622,10
2623,6
2624,13
2625,7
2626,14
2627,9
2628,12
2629,12
2630,1
2631,11
2632,4
2633,5
2634,15
2635,2
2636,11
2637,7
2638,9
2639,15
2640,1
2641,14
2642,12
2643,6
2644,13
2645,11
2646,2
2647,10
2648,10
2649,5
2650,14
2651,3
2652,9
2653,8
2654,10
2655,1
2656,14
2657,14
2658,5
2659,12
2660,1
2661,5
2662,9
2663,15
2664,10
2665,9
2666,9
2667,12
2668,14
2669,8
2670,11
2671,15
2672,6
2673,2
2674,3
2675,8
2676,5
2677,8
2678,12
2679,9
2680,2
2681,2
2682,4
2683,6
2684,14
2685,10
2686,7
2687,5
2688,1
2689,12
2690,14
2691,12
2692,14
2693,7
2694,5
2695,9
2696,7
2697,2
2698,10
2699,14
2700,3
2701,2
2702,14
2703,1
2704,3
2705,12
2706,4
2707,10
2708,1
2709,13
2710,1
2711,15
2712,4
2713,7
2714,3
2715,14
2716,2
2717,14
2718,12
2719,7
2720,7
2721,11
2722,11
2723,3
2724,4
2725,14
2726,9
2727,4
2728,2
2729,6
2730,9
2731,13
2732,12
2733,12
2734,6
2735,8
2736,6
2737,4
2738,12
2739,10
2740,6
2741,2
2742,15
2743,7
2744,8
2745,13
2746,3
2747,10
2748,15
2749,1
2750,11
2751,7
2752,10
2753,8
2754,6
2755,7
2756,1
2757,6
2758,3
2759,9
2760,15
2761,14
2762,15
2763,3
2764,15
2765,2
2766,4
2767,14
2768,10
2769,15
2770,13
2771,8
2772,4
2773,12
2774,13
2775,10
2776,14
2777,15
2778,7
2779,12
2780,2
2781,3
2782,9
2783,8
2784,3
2785,3
2786,4
2787,3
2788,1
2789,15
2790,1
2791,8
2792,9
2793,7
2794,15
2795,8
2796,6
2797,3
2798,3
2799,11
2800,9
2801,10
2802,13
2803,1
2804,2
2805,2
2806,9
2807,11
2808,4
2809,9
2810,9
2811,6
2812,10
2813,13
2814,11
2815,11
2816,13
2817,5
2818,14
2819,3
2820,15
2821,1
2822,11
2823,6
2824,7
2825,13
2826,4
2827,10
2828,7
2829,2
2830,13
2831,1
2832,9
2833,14
2834,5
2835,4
2836,12
2837,3
2838,8
2839,6
2840,13
2841,3
2842,4
2843,5
2844,15
2845,13
2846,14
2847,6
2848,12
2849,13
2850,15
2851,5
2852,11
2853,5
2854,15
2855,5
2856,1
2857,10
2858,15
2859,12
2860,10
2861,8
2862,10
2863,13
2864,15
2865,3
2866,8
2867,14
2868,10
2869,7
2870,2
2871,12
2872,3
2873,12
2874,11
2875,13
2876,14
2877,1
2878,3
2879,11
2880,12
2881,6
2882,7
2883,5
2884,3
2885,5
2886,10
2887,1
2888,9
2889,2
2890,4
2891,11
2892,8
2893,12
2894,11
2895,15
2896,14
2897,15
2898,14
2899,15
2900,8
2901,12
2902,10
2903,3
2904,11
2905,11
2906,4
2907,7
2908,2
2909,7
2910,2
2911,9
2912,12
2913,1
2914,14
2915,13
2916,1
2917,12
2918,15
2919,4
2920,14
2921,2
2922,8
2923,5
2924,1
2925,4
2926,5
2927,3
2928,4
2929,9
2930,3
2931,8
2932,3
2933,15
2934,9
2935,14
2936,14
2937,14
2938,1
2939,7
2940,13
2941,1
2942,2
2943,14
2944,4
2945,15
2946,10
2947,12
2948,1
2949,6
2950,10
2951,6
2952,7
2953,7
2954,14
2955,11
2956,7
2957,4
2958,9
2959,1
2960,11
2961,15
2962,14
2963,9
2964,10
2965,4
2966,3
2967,10
2968,14
2969,9
2970,3
2971,7
2972,15
2973,14
2974,12
2975,4
2976,14
2977,10
2978,14
2979,15
2980,4
2981,10
2982,14
2983,15
2984,1
2985,5
2986,13
2987,5
2988,4
2989,5
2990,5
2991,1
2992,12
2993,9
2994,13
2995,1
2996,4
2997,3
2998,12
2999,1
3000,12
3001,4
3002,9
3003,3
3004,12
3005,12
3006,4
3007,10
3008,14
3009,15
3010,2
3011,3
3012,3
3013,9
3014,8
3015,15
3016,11
3017,9
3018,14
3019,7
3020,6
3021,3
3022,13
3023,5
3024,6
3025,6
3026,2
3027,14
3028,5
3029,5
3030,13
3031,14
3032,2
3033,15
3034,8
3035,11
3036,3
3037,10
3038,4
3039,13
3040,6
3041,6
3042,4
3043,6
3044,12
3045,4
3046,15
3047,3
3048,12
3049,2
3050,4
3051,1
3052,5
3053,2
3054,11
3055,7
3056,2
3057,2
3058,12
3059,14
3060,10
3061,13
3062,4
3063,13
3064,11
3065,13
3066,9
3067,5
3068,12
3069,12
3070,10
3071,2
3072,3
3073,10
3074,8
3075,10
3076,11
3077,12
3078,7
3079,6
3080,15
3081,3
3082,13
3083,3
3084,15
3085,1
3086,13
3087,1
3088,14
3089,2
3090,2
3091,9
3092,1
3093,5
3094,9
3095,4
3096,4
3097,12
3098,15
3099,13
3100,3
3101,15
3102,8
3103,3
3104,15
3105,11
3106,4
3107,7
3108,15
3109,3
3110,5
3111,1
3112,11
3113,9
3114,11
3115,1
3116,5
3117,2
3118,5
3119,11
3120,5
3121,4
3122,8
3123,5
3124,12
3125,8
3126,4
3127,15
3128,6
3129,10
3130,3
3131,13
3132,10
3133,13
3134,5
3135,13
3136,14
3137,4
3138,9
3139,14
3140,1
3141,3
3142,4
3143,12
3144,5
3145,13
3146,15
3147,3
3148,12
3149,5
3150,9
3151,13
3152,5
3153,9
3154,8
3155,15
3156,3
3157,15
3158,12
3159,5
3160,3
3161,5
3162,3
3163,6
3164,14
3165,2
3166,7
3167,7
3168,2
3169,13
3170,12
3171,1
3172,8
3173,14
3174,12
3175,6
3176,7
3177,9
3178,2
3179,14
3180,15
3181,4
3182,14
3183,5
3184,6
3185,15
3186,2
3187,15
3188,5
3189,14
3190,2
3191,9
3192,4
3193,13
3194,15
3195,7
3196,3
3197,2
3198,8
3199,1
3200,7
3201,8
3202,14
3203,14
3204,4
3205,7
3206,5
3207,15
3208,6
3209,1
3210,9
3211,3
3212,2
3213,7
3214,10
3215,9
3216,10
3217,15
3218,14
3219,3
3220,8
3221,3
3222,4
3223,6
3224,1
3225,9
3226,5
3227,4
3228,2
3229,12
3230,11
3231,6
3232,3
3233,12
3234,2
3235,4
3236,6
3237,11
3238,9
3239,11
3240,11
3241,4
3242,13
3243,4
3244,4
3245,12
3246,4
3247,7
3248,14
3249,14
3250,15
3251,9
3252,13
3253,13
3254,14
3255,12
3256,14
3257,5
3258,6
3259,8
3260,14
3261,14
3262,1
3263,11
3264,11
3265,15
3266,2
3267,8
3268,4
3269,5
3270,2
3271,5
3272,2
3273,11
3274,3
3275,13
3276,4
3277,15
3278,8
3279,7
3280,15
3281,10
3282,5
3283,4
3284,7
3285,13
3286,10
3287,7
3288,9
3289,8
3290,14
3291,1
3292,1
3293,4
3294,6
3295,9
3296,6
3297,3
3298,2
3299,10
3300,8
3301,1
3302,10
3303,11
3304,9
3305,11
3306,9
3307,1
3308,15
3309,4
3310,1
3311,9
3312,5
3313,3
3314,6
3315,8
3316,4
3317,7
3318,4
3319,5
3320,9
3321,4
3322,11
3323,5
3324,1
3325,14
3326,5
3327,4
3328,2
3329,12
3330,15
3331,14
3332,13
3333,7
3334,4
3335,1
3336,11
3337,15
3338,1
3339,4
3340,2
3341,11
3342,8
3343,5
3344,4
3345,14
3346,11
3347,10
3348,14
3349,11
3350,8
3351,10
3352,9
3353,15
3354,4
3355,4
3356,3
3357,9
3358,14
3359,10
3360,11
3361,10
3362,5
3363,12
3364,14
3365,3
3366,7
3367,6
3368,2
3369,13
3370,12
3371,15
3372,1
3373,10
3374,9
3375,13
3376,1
3377,12
3378,7
3379,7
3380,4
3381,3
3382,7
3383,10
3384,8
3385,6
3386,8
3387,9
3388,7
3389,15
3390,12
3391,2
3392,13
3393,5
3394,6
3395,14
3396,14
3397,10
3398,8
3399,12
3400,11
3401,7
3402,13
3403,11
3404,8
3405,2
3406,3
3407,1
3408,13
3409,14
3410,15
3411,2
3412,11
3413,11
3414,2
3415,10
3416,5
3417,1
3418,1
3419,3
3420,7
3421,3
3422,7
3423,4
3424,12
3425,11
3426,2
3427,12
3428,2
3429,6
3430,11
3431,8
3432,1
3433,11
3434,15
3435,2
3436,15
3437,6
3438,6
3439,7
3440,3
3441,10
3442,10
3443,8
3444,9
3445,8
3446,14
3447,5
3448,6
3449,11
3450,7
3451,15
3452,13
3453,10
3454,11
3455,9
3456,13
3457,14
3458,12
3459,2
3460,2
3461,2
3462,15
3463,9
3464,15
3465,15
3466,4
3467,2
3468,4
3469,3
3470,6
3471,3
3472,1
3473,11
3474,15
3475,3
3476,11
3477,2
3478,7
3479,11
3480,3
3481,15
3482,1
3483,2
3484,1
3485,15
3486,1
3487,14
3488,10
3489,14
3490,10
3491,14
3492,2
3493,8
3494,7
3495,14
3496,13
3497,2
3498,8
3499,14
3500,11
3501,4
3502,11
3503,3
3504,12
3505,14
3506,7
3507,9
3508,7
3509,6
3510,14
3511,12
3512,5
3513,4
3514,13
3515,4
3516,3
3517,5
3518,8
3519,5
3520,13
3521,7
3522,12
3523,8
3524,5
3525,13
3526,8
3527,3
3528,5
3529,12
3530,11
3531,12
3532,13
3533,5
3534,4
3535,7
3536,11
3537,9
3538,8
3539,12
3540,7
3541,2
3542,8
3543,6
3544,14
3545,2
3546,8
3547,1
3548,14
3549,4
3550,14
3551,3
3552,4
3553,1
3554,4
3555,11
3556,11
3557,13
3558,15
3559,8
3560,14
3561,14
3562,2
3563,7
3564,1
3565,3
3566,5
3567,11
3568,6
3569,10
3570,15
3571,2
3572,12
3573,8
3574,14
3575,14
3576,12
3577,4
3578,5
3579,15
3580,4
3581,8
3582,8
3583,4
3584,5
3585,1
3586,10
3587,5
3588,13
3589,1
3590,7
3591,1
3592,9
3593,4
3594,2
3595,8
3596,7
3597,2
3598,1
3599,10
3600,10
3601,6
3602,3
3603,2
3604,1
3605,15
3606,13
3607,11
3608,10
3609,4
3610,13
3611,7
3612,7
3613,15
3614,13
3615,14
3616,4
3617,1
3618,4
3619,14
3620,6
3621,8
3622,13
3623,9
3624,7
3625,1
3626,12
3627,14
3628,3
3629,2
3630,11
3631,12
3632,1
3633,4
3634,5
3635,11
3636,5
3637,2
3638,15
3639,6
3640,10
3641,1
3642,13
3643,9
3644,14
3645,2
3646,3
3647,14
3648,10
3649,11
3650,5
3651,15
3652,11
3653,6
3654,1
3655,10
3656,10
3657,7
3658,2
3659,4
3660,9
3661,4
3662,10
3663,12
3664,6
3665,15
3666,10
3667,5
3668,6
3669,15
3670,14
3671,7
3672,14
3673,1
3674,10
3675,9
3676,14
3677,12
3678,6
3679,15
3680,7
3681,8
3682,6
3683,3
3684,15
3685,6
3686,3
3687,3
3688,11
3689,11
3690,11
3691,9
3692,15
3693,10
3694,14
3695,9
3696,12
3697,3
3698,5
3699,2
3700,9
3701,9
3702,9
3703,7
3704,11
3705,5
3706,15
3707,4
3708,6
3709,7
3710,10
3711,7
3712,10
3713,9
3714,13
3715,11
3716,8
3717,4
3718,8
3719,1
3720,13
3721,1
3722,1
3723,5
3724,7
3725,7
3726,7
3727,7
3728,12
3729,2
3730,1
3731,1
3732,12
3733,15
3734,13
3735,9
3736,10
3737,6
3738,13
3739,1
3740,12
3741,11
3742,13
3743,1
3744,5
3745,15
3746,14
3747,14
3748,3
3749,11
3750,3
3751,8
3752,12
3753,15
3754,8
3755,15
3756,12
3757,3
3758,7
3759,15
3760,11
3761,11
3762,11
3763,2
3764,3
3765,4
3766,11
3767,4
3768,9
3769,15
3770,11
3771,9
3772,11
3773,1
3774,15
3775,1
3776,14
3777,15
3778,11
3779,11
3780,13
3781,1
3782,1
3783,13
3784,10
3785,6
3786,13
3787,10
3788,11
3789,10
3790,15
3791,15
3792,14
3793,7
3794,4
3795,14
3796,3
3797,15
3798,3
3799,9
3800,5
3801,14
3802,6
3803,13
3804,4
3805,9
3806,13
3807,3
3808,4
3809,6
3810,10
3811,3
3812,14
3813,15
3814,12
3815,2
3816,15
3817,15
3818,14
3819,6
3820,15
3821,3
3822,11
3823,15
3824,11
3825,2
3826,4
3827,3
3828,6
3829,10
3830,14
3831,13
3832,5
3833,8
3834,11
3835,12
3836,9
3837,8
3838,12
3839,11
3840,13
3841,8
3842,3
3843,12
3844,15
3845,9
3846,6
3847,3
3848,2
3849,13
3850,11
3851,9
3852,14
3853,1
3854,6
3855,15
3856,4
3857,2
3858,13
3859,7
3860,11
3861,7
3862,13
3863,4
3864,11
3865,3
3866,6
3867,6
3868,2
3869,7
3870,14
3871,9
3872,11
3873,1
3874,15
3875,6
3876,13
3877,3
3878,10
3879,1
3880,1
3881,12
3882,10
3883,5
3884,15
3885,11
3886,15
3887,6
3888,1
3889,7
3890,14
3891,12
3892,12
3893,6
3894,7
3895,15
3896,6
3897,4
3898,8
3899,6
3900,13
3901,4
3902,13
3903,7
3904,3
3905,2
3906,3
3907,11
3908,2
3909,12
3910,4
3911,3
3912,7
3913,1
3914,10
3915,12
3916,14
3917,2
3918,4
3919,10
3920,1
3921,1
3922,3
3923,8
3924,9
3925,5
3926,5
3927,2
3928,9
3929,9
3930,1
3931,6
3932,5
3933,2
3934,4
3935,5
3936,11
3937,2
3938,10
3939,15
3940,1
3941,10
3942,7
3943,3
3944,8
3945,12
3946,11
3947,6
3948,12
3949,3
3950,8
3951,5
3952,15
3953,1
3954,11
3955,1
3956,1
3957,5
3958,15
3959,11
3960,4
3961,3
3962,1
3963,12
3964,2
3965,15
3966,9
3967,3
3968,11
3969,3
3970,1
3971,9
3972,7
3973,8
3974,3
3975,4
3976,8
3977,1
3978,7
3979,15
3980,1
3981,10
3982,13
3983,3
3984,6
3985,13
3986,4
3987,15
3988,1
3989,14
3990,13
3991,3
3992,8
3993,14
3994,2
3995,7
3996,2
3997,6
3998,13
3999,1
4000,5
4001,6
4002,11
4003,3
4004,11
4005,15
4006,13
4007,2
4008,12
4009,9
4010,9
4011,10
4012,4
4013,3
4014,6
4015,15
4016,2
4017,7
4018,5
4019,6
4020,12
4021,13
4022,8
4023,10
4024,9
4025,7
4026,15
4027,13
4028,1
4029,15
4030,3
4031,5
4032,11
4033,9
4034,4
4035,1
4036,9
4037,2
4038,9
4039,8
4040,6
4041,13
4042,14
4043,7
4044,8
4045,3
4046,9
4047,12
4048,3
4049,4
4050,13
4051,6
4052,14
4053,11
4054,1
4055,7
4056,3
4057,14
4058,2
4059,6
4060,2
4061,6
4062,14
4063,2
4064,14
4065,8
4066,7
4067,12
4068,12
4069,12
4070,8
4071,1
4072,15
4073,4
4074,3
4075,9
4076,8
4077,12
4078,15
4079,4
4080,9
4081,9
4082,4
4083,6
4084,3
4085,1
4086,5
4087,8
4088,5
4089,10
4090,3
4091,12
4092,7
4093,8
4094,8
4095,14
4096,5
4097,9
4098,1
4099,14
4100,6
4101,15
4102,3
4103,1
4104,9
4105,3
4106,2
4107,7
4108,2
4109,15
4110,5
4111,7
4112,5
4113,15
4114,10
4115,7
4116,6
4117,1
4118,14
4119,7
4120,7
4121,6
4122,1
4123,10
4124,5
4125,5
4126,4
4127,15
4128,11
4129,10
4130,15
4131,15
4132,6
4133,9
4134,6
4135,1
4136,12
4137,2
4138,6
4139,10
4140,14
4141,7
4142,10
4143,4
4144,9
4145,13
4146,3
4147,13
4148,7
4149,11
4150,13
4151,11
4152,4
4153,4
4154,7
4155,6
4156,1
4157,5
4158,13
4159,5
4160,1
4161,5
4162,1
4163,7
4164,11
4165,1
4166,13
4167,15
4168,6
4169,1
4170,8
4171,5
4172,11
4173,13
4174,3
4175,3
4176,8
4177,13
4178,12
4179,9
4180,9
4181,3
4182,11
4183,12
4184,10
4185,2
4186,9
4187,2
4188,10
4189,1
4190,1
4191,1
4192,15
4193,7
4194,2
4195,12
4196,7
4197,7
4198,5
4199,5
4200,12
4201,5
4202,9
4203,13
4204,15
4205,15
4206,15
4207,14
4208,2
4209,9
4210,4
4211,11
4212,7
4213,2
4214,12
4215,6
4216,13
4217,11
4218,12
4219,13
4220,12
4221,7
4222,13
4223,3
4224,6
4225,8
4226,7
4227,4
4228,9
4229,14
4230,10
4231,14
4232,11
4233,6
4234,7
4235,10
4236,6
4237,7
4238,8
4239,3
4240,6
4241,14
4242,6
4243,2
4244,8
4245,11
4246,9
4247,15
4248,15
4249,10
4250,2
4251,3
4252,10
4253,9
4254,5
4255,6
4256,4
4257,5
4258,4
4259,11
4260,9
4261,6
4262,6
4263,1
4264,6
4265,8
4266,5
4267,2
4268,9
4269,13
4270,13
4271,5
4272,3
4273,13
4274,6
4275,12
4276,6
4277,3
4278,8
4279,4
4280,8
4281,6
4282,12
4283,10
4284,11
4285,5
4286,10
4287,12
4288,14
4289,5
4290,3
4291,10
4292,1
4293,11
4294,2
4295,8
4296,2
4297,6
4298,7
4299,1
4300,8
4301,1
4302,4
4303,9
4304,2
4305,13
4306,15
4307,4
4308,1
4309,12
4310,14
4311,6
4312,5
4313,14
4314,15
4315,14
4316,5
4317,7
4318,3
4319,1
4320,8
4321,14
4322,12
4323,7
4324,3
4325,7
4326,9
4327,11
4328,6
4329,6
4330,7
4331,3
4332,14
4333,8
4334,14
4335,12
4336,4
4337,7
4338,15
4339,11
4340,2
4341,6
4342,5
4343,7
4344,8
4345,13
4346,14
4347,9
4348,14
4349,13
4350,6
4351,4
4352,3
4353,13
4354,3
4355,5
4356,7
4357,15
4358,12
4359,2
4360,6
4361,7
4362,6
4363,8
4364,14
4365,4
4366,5
4367,12
4368,1
4369,8
4370,14
4371,12
4372,10
4373,1
4374,13
4375,15
4376,15
4377,15
4378,8
4379,13
4380,5
4381,12
4382,8
4383,15
4384,8
4385,1
4386,10
4387,8
4388,5
4389,7
4390,15
4391,15
4392,13
4393,4
4394,12
4395,13
4396,9
4397,2
4398,5
4399,4
4400,10
4401,8
4402,5
4403,9
4404,11
4405,4
4406,12
4407,5
4408,1
4409,7
4410,11
4411,9
4412,1
4413,15
4414,1
4415,13
4416,11
4417,8
4418,8
4419,1
4420,14
4421,15
4422,8
4423,8
4424,14
4425,1
4426,12
4427,3
4428,9
4429,12
4430,2
4431,5
4432,4
4433,3
4434,14
4435,9
4436,8
4437,13
4438,4
4439,8
4440,4
4441,14
4442,9
4443,13
4444,8
4445,15
4446,12
4447,7
4448,3
4449,10
4450,8
4451,9
4452,3
4453,3
4454,4
4455,15
4456,4
4457,9
4458,12
4459,6
4460,1
4461,12
4462,15
4463,8
4464,15
4465,1
4466,7
4467,15
4468,5
4469,10
4470,13
4471,8
4472,3
4473,15
4474,11
4475,6
4476,8
4477,7
4478,1
4479,13
4480,12
4481,5
4482,5
4483,13
4484,7
4485,9
4486,3
4487,4
4488,5
4489,4
4490,10
4491,15
4492,9
4493,8
4494,8
4495,15
4496,1
4497,3
4498,7
4499,12
4500,4
4501,7
4502,12
4503,8
4504,5
4505,2
4506,3
4507,9
4508,8
4509,8
4510,5
4511,9
4512,10
4513,2
4514,8
4515,11
4516,8
4517,5
4518,5
4519,9
4520,1
4521,4
4522,2
4523,12
4524,7
4525,11
4526,10
4527,13
4528,12
4529,5
4530,8
4531,11
4532,11
4533,1
4534,12
4535,2
4536,2
4537,15
4538,12
4539,6
4540,7
4541,11
4542,6
4543,14
4544,13
4545,15
4546,7
4547,2
4548,13
4549,7
4550,13
4551,5
4552,13
4553,7
4554,12
4555,4
4556,13
4557,14
4558,5
4559,8
4560,4
4561,14
4562,3
4563,6
4564,3
4565,14
4566,8
4567,1
4568,14
4569,8
4570,7
4571,9
4572,6
4573,8
4574,10
4575,6
4576,2
4577,8
4578,7
4579,11
4580,7
4581,11
4582,5
4583,2
4584,10
4585,1
4586,8
4587,3
4588,13
4589,15
4590,4
4591,6
4592,1
4593,13
4594,9
4595,10
4596,3
4597,12
4598,13
4599,15
4600,1
4601,1
4602,6
4603,6
4604,11
4605,1
4606,7
4607,5
4608,3
4609,11
4610,8
4611,3
4612,11
4613,12
4614,4
4615,7
4616,7
4617,12
4618,3
4619,14
4620,13
4621,9
4622,1
4623,11
4624,3
4625,12
4626,2
4627,7
4628,2
4629,2
4630,9
4631,3
4632,4
4633,8
4634,2
4635,7
4636,10
4637,9
4638,14
4639,11
4640,5
4641,1
4642,7
4643,15
4644,13
4645,11
4646,4
4647,12
4648,5
4649,10
4650,15
4651,5
4652,10
4653,8
4654,8
4655,4
4656,3
4657,4
4658,1
4659,4
4660,13
4661,3
4662,7
4663,10
4664,13
4665,9
4666,15
4667,10
4668,10
4669,3
4670,1
4671,2
4672,9
4673,8
4674,9
4675,2
4676,1
4677,3
4678,8
4679,7
4680,15
4681,1
4682,8
4683,6
4684,4
4685,4
4686,5
4687,6
4688,8
4689,6
4690,10
4691,8
4692,5
4693,8
4694,9
4695,3
4696,4
4697,6
4698,5
4699,15
4700,14
4701,7
4702,1
4703,12
4704,12
4705,9
4706,3
4707,4
4708,14
4709,1
4710,9
4711,9
4712,4
4713,9
4714,14
4715,7
4716,2
4717,14
4718,7
4719,9
4720,6
4721,4
4722,14
4723,7
4724,6
4725,7
4726,1
4727,5
4728,3
4729,4
4730,5
4731,14
4732,1
4733,10
4734,7
4735,9
4736,1
4737,1
4738,5
4739,13
4740,12
4741,12
4742,13
4743,7
4744,15
4745,6
4746,15
4747,7
4748,7
4749,11
4750,5
4751,6
4752,1
4753,13
4754,13
4755,5
4756,15
4757,6
4758,9
4759,8
4760,5
4761,2
4762,2
4763,14
4764,15
4765,4
4766,9
4767,14
4768,5
4769,2
4770,6
4771,10
4772,12
4773,14
4774,12
4775,1
4776,11
4777,5
4778,7
4779,4
4780,10
4781,5
4782,15
4783,12
4784,15
4785,8
4786,7
4787,10
4788,3
4789,14
4790,2
4791,1
4792,15
4793,13
4794,9
4795,10
4796,7
4797,13
4798,13
4799,14
4800,12
4801,15
4802,5
4803,13
4804,2
4805,10
4806,15
4807,15
4808,7
4809,9
4810,8
4811,14
4812,8
4813,13
4814,9
4815,14
4816,8
4817,2
4818,11
4819,5
4820,14
4821,5
4822,8
4823,4
4824,8
4825,1
4826,9
4827,1
4828,5
4829,3
4830,4
4831,9
4832,12
4833,12
4834,1
4835,4
4836,2
4837,3
4838,9
4839,14
4840,7
4841,6
4842,8
4843,9
4844,2
4845,13
4846,4
4847,4
4848,2
4849,13
4850,7
4851,1
4852,12
4853,7
4854,9
4855,7
4856,11
4857,1
4858,2
4859,3
4860,5
4861,6
4862,1
4863,6
4864,8
4865,10
4866,15
4867,2
4868,13
4869,3
4870,1
4871,14
4872,8
4873,11
4874,12
4875,15
4876,13
4877,13
4878,9
4879,5
4880,5
4881,12
4882,9
4883,4
4884,12
4885,15
4886,2
4887,10
4888,7
4889,5
4890,4
4891,13
4892,2
4893,8
4894,14
4895,8
4896,14
4897,3
4898,1
4899,11
4900,6
4901,3
4902,8
4903,14
4904,2
4905,13
4906,11
4907,11
4908,11
4909,10
4910,9
4911,11
4912,15
4913,2
4914,11
4915,13
4916,11
4917,14
4918,10
4919,10
4920,10
4921,3
4922,1
4923,4
4924,12
4925,9
4926,14
4927,2
4928,14
4929,14
4930,5
4931,1
4932,2
4933,3
4934,7
4935,1
4936,3
4937,2
4938,15
4939,5
4940,12
4941,11
4942,11
4943,12
4944,4
4945,9
4946,15
4947,4
4948,10
4949,6
4950,2
4951,15
4952,1
4953,7
4954,6
4955,8
4956,6
4957,4
4958,7
4959,3
4960,6
4961,7
4962,14
4963,7
4964,8
4965,12
4966,4
4967,5
4968,2
4969,3
4970,11
4971,2
4972,8
4973,12
4974,8
4975,6
4976,11
4977,9
4978,1
4979,2
4980,10
4981,5
4982,7
4983,10
4984,3
4985,4
4986,14
4987,11
4988,11
4989,4
4990,5
4991,8
4992,6
4993,11
4994,15
4995,6
4996,10
4997,13
4998,8
4999,12
5000,3
5001,15
5002,12
5003,14
5004,14
5005,10
5006,10
5007,6
5008,15
5009,13
5010,3
5011,11
5012,9
5013,7
5014,1
5015,11
5016,1
5017,6
5018,6
5019,4
5020,3
5021,8
5022,13
5023,14
5024,10
5025,9
5026,2
5027,2
5028,10
5029,12
5030,14
5031,12
5032,3
5033,10
5034,14
5035,6
5036,11
5037,6
5038,13
5039,1
5040,15
5041,5
5042,10
5043,4
5044,3
5045,1
5046,13
5047,6
5048,14
5049,5
5050,9
5051,4
5052,9
5053,1
5054,11
5055,1
5056,7
5057,15
5058,4
5059,4
5060,14
5061,2
5062,14
5063,9
5064,4
5065,6
5066,3
5067,9
5068,7
5069,14
5070,13
5071,3
5072,13
5073,9
5074,11
5075,4
5076,6
5077,5
5078,11
5079,7
5080,3
5081,11
5082,8
5083,15
5084,15
5085,2
5086,9
5087,7
5088,5
5089,11
5090,15
5091,10
5092,7
5093,10
5094,12
5095,7
5096,8
5097,11
5098,5
5099,1
5100,6
5101,11
5102,13
5103,7
5104,12
5105,1
5106,2
5107,6
5108,5
5109,1
5110,3
5111,7
5112,6
5113,12
5114,11
5115,5
5116,12
5117,7
5118,13
5119,5
5120,1
5121,12
5122,12
5123,3
5124,5
5125,3
5126,9
5127,3
5128,7
5129,6
5130,13
5131,6
5132,12
5133,8
5134,9
5135,3
5136,3
5137,11
5138,8
5139,6
5140,6
5141,3
5142,7
5143,8
5144,6
5145,10
5146,10
5147,3
5148,11
5149,15
5150,13
5151,3
5152,2
5153,8
5154,1
5155,4
5156,3
5157,1
5158,12
5159,8
5160,12
5161,2
5162,11
5163,13
5164,9
5165,14
5166,2
5167,3
5168,2
5169,14
5170,4
5171,7
5172,15
5173,7
5174,2
5175,1
5176,12
5177,6
5178,14
5179,8
5180,6
5181,1
5182,12
5183,11
5184,5
5185,14
5186,3
5187,11
5188,1
5189,5
5190,11
5191,2
5192,14
5193,5
5194,8
5195,12
5196,13
5197,8
5198,12
5199,13
5200,13
5201,8
5202,14
5203,5
5204,2
5205,7
5206,1
5207,7
5208,9
5209,3
5210,7
5211,3
5212,8
5213,7
5214,3
5215,12
5216,9
5217,6
5218,11
5219,1
5220,10
5221,10
5222,8
5223,14
5224,3
5225,6
5226,2
5227,8
5228,3
5229,12
5230,8
5231,9
5232,2
5233,14
5234,9
5235,10
5236,15
5237,14
5238,12
5239,4
5240,1
5241,3
5242,14
5243,11
5244,14
5245,7
5246,1
5247,10
5248,11
5249,14
5250,11
5251,14
5252,13
5253,13
5254,13
5255,13
5256,1
5257,14
5258,13
5259,13
5260,10
5261,11
5262,9
5263,15
5264,7
5265,5
5266,4
5267,13
5268,15
5269,5
5270,3
5271,15
5272,15
5273,10
5274,11
5275,15
5276,7
5277,5
5278,4
5279,2
5280,2
5281,7
5282,4
5283,10
5284,11
5285,9
5286,7
5287,14
5288,3
5289,12
5290,5
5291,2
5292,5
5293,3
5294,3
5295,3
5296,5
5297,1
5298,8
5299,14
5300,15
5301,14
5302,4
5303,15
5304,10
5305,11
5306,14
5307,9
5308,8
5309,7
5310,4
5311,13
5312,7
5313,1
5314,8
5315,8
5316,7
5317,7
5318,6
5319,11
5320,12
5321,11
5322,3
5323,6
5324,12
5325,10
5326,4
5327,6
5328,13
5329,15
5330,5
5331,4
5332,4
5333,1
5334,11
5335,12
5336,14
5337,1
5338,8
5339,2
5340,12
5341,3
5342,10
5343,3
5344,3
5345,8
5346,15
5347,9
5348,1
5349,14
5350,11
5351,1
5352,6
5353,12
5354,1
5355,1
5356,2
5357,8
5358,7
5359,6
5360,8
5361,9
5362,2
5363,4
5364,6
5365,10
5366,8
5367,1
5368,6
5369,13
5370,2
5371,14
5372,2
5373,14
5374,3
5375,2
5376,4
5377,5
5378,9
5379,4
5380,12
5381,7
5382,1
5383,11
5384,9
5385,13
5386,12
5387,3
5388,5
5389,4
5390,9
5391,3
5392,9
5393,6
5394,11
5395,9
5396,4
5397,4
5398,5
5399,8
5400,6
5401,6
5402,10
5403,9
5404,5
5405,4
5406,2
5407,12
5408,13
5409,2
5410,11
5411,2
5412,9
5413,9
5414,1
5415,14
5416,3
5417,4
5418,13
5419,1
5420,13
5421,10
5422,6
5423,10
5424,14
5425,13
5426,15
5427,4
5428,4
5429,3
5430,12
5431,6
5432,13
5433,7
5434,8
5435,11
5436,13
5437,11
5438,13
5439,13
5440,4
5441,13
5442,12
5443,1
5444,4
5445,3
5446,14
5447,10
5448,11
5449,1
5450,13
5451,10
5452,4
5453,5
5454,1
5455,14
5456,4
5457,12
5458,10
5459,11
5460,5
5461,14
5462,3
5463,1
5464,7
5465,9
5466,6
5467,1
5468,1
5469,2
5470,13
5471,5
5472,7
5473,8
5474,9
5475,14
5476,1
5477,8
5478,3
5479,9
5480,14
5481,12
5482,4
5483,4
5484,6
5485,7
5486,11
5487,2
5488,4
5489,2
5490,4
5491,10
5492,2
5493,10
5494,9
5495,10
5496,9
5497,2
5498,5
5499,3
5500,8
5501,1
5502,12
5503,2
5504,5
5505,2
5506,10
5507,15
5508,6
5509,5
5510,5
5511,11
5512,9
5513,9
5514,1
5515,3
5516,5
5517,13
5518,10
5519,7
5520,12
5521,7
5522,11
5523,14
5524,5
5525,5
5526,5
5527,6
5528,7
5529,7
5530,2
5531,2
5532,6
5533,5
5534,1
5535,4
5536,1
5537,12
5538,15
5539,15
5540,8
5541,3
5542,1
5543,5
5544,12
5545,14
5546,3
5547,8
5548,6
5549,9
5550,7
5551,1
5552,14
5553,14
5554,15
5555,6
5556,1
5557,7
5558,4
5559,11
5560,4
5561,9
5562,1
5563,11
5564,10
5565,6
5566,9
5567,13
5568,13
5569,14
5570,4
5571,14
5572,11
5573,15
5574,2
5575,11
5576,7
5577,6
5578,9
5579,11
5580,6
5581,5
5582,5
5583,6
5584,10
5585,6
5586,7
5587,1
5588,15
5589,2
5590,8
5591,9
5592,11
5593,4
5594,2
5595,7
5596,7
5597,4
5598,3
5599,8
5600,4
5601,7
5602,4
5603,3
5604,6
5605,12
5606,5
5607,2
5608,1
5609,11
5610,3
5611,11
5612,2
5613,1
5614,2
5615,1
5616,2
5617,12
5618,2
5619,1
5620,7
5621,9
5622,14
5623,10
5624,2
5625,9
5626,8
5627,5
5628,13
5629,3
5630,6
5631,11
5632,10
5633,8
5634,11
5635,1
5636,11
5637,6
5638,4
5639,10
5640,8
5641,11
5642,5
5643,14
5644,1
5645,1
5646,8
5647,4
5648,2
5649,7
5650,6
5651,13
5652,4
5653,15
5654,2
5655,8
5656,8
5657,9
5658,10
5659,1
5660,11
5661,2
5662,15
5663,2
5664,7
5665,9
5666,5
5667,5
5668,7
5669,7
5670,10
5671,12
5672,1
5673,1
5674,15
5675,5
5676,3
5677,4
5678,3
5679,4
5680,7
5681,14
5682,8
5683,12
5684,2
5685,7
5686,2
5687,11
5688,9
5689,15
5690,13
5691,4
5692,13
5693,1
5694,11
5695,10
5696,4
5697,9
5698,7
5699,11
5700,9
5701,14
5702,4
5703,2
5704,15
5705,12
5706,2
5707,3
5708,12
5709,13
5710,14
5711,10
5712,6
5713,4
5714,14
5715,13
5716,4
5717,12
5718,1
5719,14
5720,11
5721,13
5722,2
5723,1
5724,14
5725,13
5726,12
5727,1
5728,12
5729,11
5730,2
5731,8
5732,1
5733,5
5734,8
5735,10
5736,5
5737,4
5738,9
5739,10
5740,12
5741,5
5742,11
5743,14
5744,9
5745,1
5746,12
5747,15
5748,10
5749,9
5750,11
5751,14
5752,6
5753,7
5754,12
5755,1
5756,13
5757,4
5758,3
5759,9
5760,13
5761,6
5762,9
5763,9
5764,14
5765,13
5766,13
5767,4
5768,14
5769,15
5770,14
5771,11
5772,1
5773,2
5774,10
5775,10
5776,13
5777,3
5778,11
5779,2
5780,6
5781,6
5782,1
5783,1
5784,13
5785,14
5786,15
5787,3
5788,15
5789,9
5790,15
5791,11
5792,13
5793,2
5794,2
5795,4
5796,3
5797,11
5798,12
5799,12
5800,13
5801,14
5802,8
5803,7
5804,7
5805,9
5806,12
5807,10
5808,8
5809,2
5810,8
5811,5
5812,1
5813,7
5814,1
5815,4
5816,14
5817,7
5818,3
5819,4
5820,15
5821,4
5822,10
5823,10
5824,13
5825,2
5826,5
5827,6
5828,2
5829,4
5830,8
5831,12
5832,9
5833,8
5834,12
5835,3
5836,2
5837,11
5838,4
5839,14
5840,3
5841,13
5842,5
5843,4
5844,9
5845,11
5846,7
5847,7
5848,15
5849,14
5850,3
5851,15
5852,7
5853,3
5854,11
5855,3
5856,11
5857,15
5858,4
5859,3
5860,2
5861,6
5862,4
5863,1
5864,3
5865,5
5866,10
5867,5
5868,15
5869,5
5870,4
5871,14
5872,4
5873,15
5874,9
5875,11
5876,8
5877,14
5878,12
5879,5
5880,15
5881,6
5882,3
5883,1
5884,15
5885,15
5886,1
5887,6
5888,14
5889,11
5890,10
5891,13
5892,15
5893,13
5894,1
5895,5
5896,11
5897,6
5898,5
5899,4
5900,2
5901,13
5902,8
5903,13
5904,5
5905,13
5906,15
5907,6
5908,9
5909,10
5910,7
5911,5
5912,4
5913,1
5914,9
5915,8
5916,2
5917,15
5918,13
5919,9
5920,2
5921,3
5922,4
5923,5
5924,4
5925,14
5926,6
5927,13
5928,10
5929,1
5930,14
5931,10
5932,12
5933,10
5934,1
5935,9
5936,3
5937,7
5938,6
5939,2
5940,4
5941,11
5942,8
5943,2
5944,8
5945,5
5946,12
5947,3
5948,11
5949,2
5950,1
5951,12
5952,4
5953,3
5954,4
5955,10
5956,14
5957,13
5958,13
5959,11
5960,8
5961,13
5962,11
5963,10
5964,15
5965,14
5966,9
5967,14
5968,14
5969,7
5970,15
5971,6
5972,5
5973,15
5974,11
5975,14
5976,3
5977,7
5978,12
5979,4
5980,6
5981,2
5982,15
5983,6
5984,4
5985,12
5986,14
5987,2
5988,10
5989,3
5990,2
5991,15
5992,12
5993,10
5994,7
5995,11
5996,8
5997,7
5998,12
5999,9
6000,10
6001,2
6002,2
6003,12
6004,1
6005,11
6006,11
6007,6
6008,7
6009,14
6010,15
6011,5
6012,15
6013,7
6014,12
6015,4
6016,9
6017,14
6018,9
6019,2
6020,12
6021,5
6022,2
6023,9
6024,9
6025,7
6026,9
6027,11
6028,2
6029,6
6030,11
6031,12
6032,9
6033,1
6034,10
6035,10
6036,13
6037,3
6038,13
6039,14
6040,7
6041,10
6042,10
6043,15
6044,5
6045,4
6046,6
6047,8
6048,11
6049,6
6050,4
6051,1
6052,11
6053,6
6054,13
6055,8
6056,4
6057,5
6058,13
6059,8
6060,11
6061,3
6062,15
6063,6
6064,2
6065,2
6066,4
6067,11
6068,12
6069,11
6070,11
6071,3
6072,7
6073,3
6074,9
6075,6
6076,7
6077,14
6078,15
6079,6
6080,8
6081,10
6082,6
6083,5
6084,7
6085,5
6086,11
6087,2
6088,2
6089,4
6090,10
6091,8
6092,2
6093,2
6094,9
6095,15
6096,12
6097,15
6098,7
6099,11
6100,6
6101,1
6102,5
6103,12
6104,12
6105,3
6106,12
6107,7
6108,11
6109,8
6110,15
6111,6
6112,10
6113,5
6114,1
6115,2
6116,7
6117,10
6118,6
6119,5
6120,5
6121,2
6122,3
6123,12
6124,5
6125,1
6126,13
6127,12
6128,4
6129,15
6130,1
6131,12
6132,14
6133,9
6134,12
6135,13
6136,14
6137,12
6138,12
6139,6
6140,15
6141,13
6142,15
6143,8
6144,8
6145,11
6146,13
6147,1
6148,4
6149,13
6150,5
6151,8
6152,3
6153,6
6154,5
6155,13
6156,7
6157,9
6158,8
6159,9
6160,6
6161,11
6162,1
6163,3
6164,9
6165,2
6166,6
6167,7
6168,6
6169,10
6170,9
6171,12
6172,1
6173,9
6174,12
6175,15
6176,6
6177,1
6178,13
6179,9
6180,6
6181,2
6182,14
6183,11
6184,13
6185,3
6186,2
6187,13
6188,2
6189,13
6190,3
6191,2
6192,1
6193,13
6194,12
6195,11
6196,14
6197,6
6198,11
6199,3
6200,9
6201,2
6202,12
6203,3
6204,8
6205,4
6206,7
6207,1
6208,4
6209,4
6210,9
6211,7
6212,9
6213,12
6214,6
6215,5
6216,11
6217,6
6218,11
6219,13
6220,11
6221,11
6222,14
6223,4
6224,11
6225,2
6226,4
6227,15
6228,15
6229,6
6230,7
6231,12
6232,7
6233,14
6234,9
6235,4
6236,8
6237,2
6238,12
6239,5
6240,7
6241,13
6242,6
6243,6
6244,9
6245,8
6246,15
6247,9
6248,11
6249,1
6250,8
6251,5
6252,1
6253,14
6254,5
6255,9
6256,5
6257,15
6258,7
6259,5
6260,13
6261,13
6262,4
6263,11
6264,3
6265,12
6266,4
6267,1
6268,15
6269,9
6270,4
6271,13
6272,6
6273,7
6274,6
6275,6
6276,3
6277,13
6278,11
6279,13
6280,15
6281,13
6282,2
6283,6
6284,8
6285,12
6286,3
6287,8
6288,14
6289,2
6290,11
6291,2
6292,8
6293,12
6294,14
6295,14
6296,5
6297,1
6298,6
6299,14
6300,9
6301,6
6302,11
6303,15
6304,14
6305,9
6306,9
6307,3
6308,5
6309,6
6310,8
6311,13
6312,1
6313,4
6314,2
6315,1
6316,15
6317,13
6318,14
6319,7
6320,11
6321,7
6322,7
6323,13
6324,1
6325,7
6326,3
6327,10
6328,15
6329,15
6330,11
6331,4
6332,10
6333,14
6334,3
6335,3
6336,7
6337,10
6338,6
6339,13
6340,9
6341,11
6342,6
6343,12
6344,15
6345,4
6346,7
6347,11
6348,3
6349,12
6350,3
6351,12
6352,13
6353,9
6354,11
6355,13
6356,5
6357,15
6358,5
6359,7
6360,1
6361,1
6362,13
6363,7
6364,11
6365,12
6366,8
6367,3
6368,12
6369,5
6370,11
6371,6
6372,6
6373,6
6374,10
6375,13
6376,1
6377,7
6378,15
6379,2
6380,14
6381,1
6382,10
6383,10
6384,9
6385,14
6386,5
6387,12
6388,15
6389,10
6390,13
6391,8
6392,4
6393,3
6394,13
6395,10
6396,15
6397,1
6398,6
6399,8
6400,1
6401,8
6402,8
6403,15
6404,5
6405,2
6406,8
6407,1
6408,13
6409,9
6410,15
6411,8
6412,10
6413,7
6414,2
6415,4
6416,10
6417,8
6418,4
6419,3
6420,12
6421,9
6422,10
6423,10
6424,6
6425,7
6426,2
6427,9
6428,11
6429,12
6430,15
6431,5
6432,15
6433,9
6434,4
6435,4
6436,6
6437,7
6438,15
6439,9
6440,8
6441,5
6442,9
6443,1
6444,3
6445,2
6446,10
6447,6
6448,13
6449,1
6450,15
6451,5
6452,11
6453,2
6454,8
6455,12
6456,4
6457,9
6458,6
6459,5
6460,5
6461,13
6462,3
6463,1
6464,10
6465,12
6466,15
6467,6
6468,14
6469,1
6470,5
6471,11
6472,9
6473,13
6474,6
6475,9
6476,11
6477,3
6478,6
6479,15
6480,3
6481,15
6482,11
6483,5
6484,5
6485,6
6486,15
6487,15
6488,14
6489,4
6490,1
6491,7
6492,3
6493,14
6494,8
6495,1
6496,12
6497,11
6498,8
6499,2
6500,7
6501,9
6502,10
6503,15
6504,1
6505,2
6506,1
6507,11
6508,7
6509,9
6510,7
6511,6
6512,10
6513,5
6514,11
6515,5
6516,13
6517,6
6518,13
6519,15
6520,5
6521,2
6522,1
6523,7
6524,10
6525,2
6526,15
6527,11
6528,13
6529,4
6530,6
6531,11
6532,9
6533,3
6534,10
6535,12
6536,8
6537,12
6538,8
6539,3
6540,8
6541,7
6542,8
6543,2
6544,7
6545,4
6546,4
6547,8
6548,1
6549,10
6550,5
6551,13
6552,6
6553,9
6554,6
6555,12
6556,11
6557,15
6558,10
6559,6
6560,12
6561,4
6562,4
6563,14
6564,13
6565,6
6566,2
6567,7
6568,4
6569,10
6570,6
6571,7
6572,1
6573,11
6574,7
6575,11
6576,5
6577,1
6578,3
6579,3
6580,9
6581,11
6582,1
6583,9
6584,6
6585,12
6586,12
6587,3
6588,6
6589,9
6590,6
6591,11
6592,5
6593,7
6594,12
6595,5
6596,13
6597,8
6598,8
6599,12
6600,13
6601,6
6602,7
6603,15
6604,14
6605,6
6606,7
6607,15
6608,9
6609,9
6610,5
6611,9
6612,6
6613,5
6614,1
6615,1
6616,6
6617,15
6618,7
6619,13
6620,9
6621,10
6622,10
6623,8
6624,12
6625,15
6626,11
6627,1
6628,1
6629,13
6630,13
6631,14
6632,14
6633,11
6634,8
6635,15
6636,4
6637,4
6638,1
6639,14
6640,9
6641,6
6642,8
6643,8
6644,5
6645,9
6646,5
6647,14
6648,9
6649,4
6650,6
6651,12
6652,13
6653,8
6654,12
6655,5
6656,10
6657,13
6658,7
6659,5
6660,9
6661,10
6662,4
6663,15
6664,12
6665,3
6666,6
6667,3
6668,12
6669,6
6670,10
6671,2
6672,9
6673,6
6674,5
6675,12
6676,1
6677,7
6678,8
6679,10
6680,10
6681,2
6682,5
6683,5
6684,5
6685,1
6686,4
6687,5
6688,4
6689,6
6690,15
6691,11
6692,12
6693,6
6694,10
6695,3
6696,10
6697,4
6698,14
6699,12
6700,10
6701,7
6702,6
6703,11
6704,8
6705,8
6706,5
6707,10
6708,6
6709,9
6710,5
6711,2
6712,6
6713,10
6714,2
6715,15
6716,14
6717,6
6718,3
6719,8
6720,3
6721,10
6722,8
6723,6
6724,10
6725,14
6726,12
6727,13
6728,1
6729,6
6730,2
6731,13
6732,7
6733,5
6734,2
6735,15
6736,12
6737,2
6738,4
6739,10
6740,3
6741,6
6742,7
6743,15
6744,4
6745,11
6746,11
6747,8
6748,9
6749,15
6750,12
6751,6
6752,5
6753,4
6754,13
6755,6
6756,13
6757,3
6758,3
6759,10
6760,8
6761,13
6762,8
6763,13
6764,10
6765,2
6766,8
6767,11
6768,4
6769,8
6770,12
6771,11
6772,10
6773,4
6774,9
6775,3
6776,2
6777,15
6778,8
6779,14
6780,7
6781,8
6782,15
6783,3
6784,10
6785,10
6786,5
6787,8
6788,12
6789,14
6790,15
6791,7
6792,13
6793,1
6794,14
6795,12
6796,10
6797,14
6798,11
6799,12
6800,10
6801,2
6802,8
6803,13
6804,10
6805,8
6806,11
6807,15
6808,4
6809,7
6810,6
6811,13
6812,6
6813,15
6814,7
6815,15
6816,1
6817,3
6818,2
6819,12
6820,9
6821,5
6822,8
6823,8
6824,7
6825,3
6826,12
6827,6
6828,7
6829,3
6830,15
6831,15
6832,14
6833,9
6834,13
6835,7
6836,11
6837,3
6838,11
6839,13
6840,10
6841,4
6842,8
6843,9
6844,12
6845,7
6846,6
6847,8
6848,11
6849,15
6850,10
6851,8
6852,4
6853,12
6854,15
6855,14
6856,9
6857,14
6858,6
6859,7
6860,3
6861,5
6862,11
6863,5
6864,7
6865,14
6866,3
6867,5
6868,1
6869,3
6870,15
6871,8
6872,3
6873,15
6874,13
6875,11
6876,7
6877,14
6878,14
6879,2
6880,5
6881,10
6882,11
6883,8
6884,15
6885,10
6886,3
6887,3
6888,13
6889,10
6890,13
6891,8
6892,6
6893,8
6894,13
6895,9
6896,4
6897,14
6898,3
6899,6
6900,6
6901,14
6902,9
6903,9
6904,14
6905,2
6906,6
6907,5
6908,7
6909,9
6910,8
6911,3
6912,15
6913,8
6914,2
6915,3
6916,5
6917,2
6918,6
6919,11
6920,5
6921,8
6922,3
6923,8
6924,7
6925,9
6926,11
6927,13
6928,10
6929,5
6930,4
6931,10
6932,3
6933,4
6934,8
6935,6
6936,14
6937,12
6938,6
6939,4
6940,2
6941,11
6942,1
6943,5
6944,7
6945,7
6946,10
6947,10
6948,6
6949,3
6950,9
6951,14
6952,12
6953,10
6954,5
6955,15
6956,5
6957,13
6958,14
6959,3
6960,15
6961,3
6962,7
6963,7
6964,2
6965,15
6966,4
6967,8
6968,5
6969,5
6970,4
6971,9
6972,14
6973,8
6974,4
6975,7
6976,3
6977,14
6978,9
6979,8
6980,9
6981,13
6982,4
6983,8
6984,5
6985,15
6986,1
6987,6
6988,3
6989,10
6990,3
6991,12
6992,11
6993,10
6994,15
6995,6
6996,8
6997,14
6998,13
6999,10
7000,11
7001,2
7002,5
7003,12
7004,11
7005,12
7006,1
7007,4
7008,15
7009,2
7010,14
7011,7
7012,7
7013,5
7014,2
7015,7
7016,3
7017,1
7018,10
7019,1
7020,6
7021,4
7022,11
7023,10
7024,15
7025,11
7026,9
7027,1
7028,6
7029,11
7030,15
7031,4
7032,10
7033,1
7034,6
7035,7
7036,2
7037,4
7038,10
7039,11
7040,8
7041,14
7042,6
7043,4
7044,12
7045,10
7046,2
7047,7
7048,13
7049,15
7050,9
7051,8
7052,10
7053,7
7054,11
7055,10
7056,3
7057,11
7058,13
7059,11
7060,14
7061,6
7062,13
7063,11
7064,13
7065,14
7066,7
7067,8
7068,6
7069,2
7070,3
7071,8
7072,15
7073,11
7074,9
7075,3
7076,5
7077,2
7078,4
7079,12
7080,7
7081,2
7082,15
7083,9
7084,15
7085,3
7086,2
7087,14
7088,11
7089,5
7090,10
7091,13
7092,3
7093,2
7094,8
7095,12
7096,13
7097,5
7098,5
7099,11
7100,12
7101,4
7102,3
7103,13
7104,1
7105,6
7106,1
7107,15
7108,10
7109,2
7110,12
7111,4
7112,8
7113,1
7114,12
7115,11
7116,1
7117,8
7118,3
7119,13
7120,15
7121,12
7122,12
7123,7
7124,10
7125,11
7126,15
7127,7
7128,12
7129,15
7130,13
7131,5
7132,15
7133,5
7134,8
7135,13
7136,1
7137,3
7138,12
7139,3
7140,8
7141,13
7142,10
7143,14
7144,8
7145,9
7146,12
7147,15
7148,3
7149,1
7150,1
7151,2
7152,15
7153,7
7154,15
7155,8
7156,13
7157,13
7158,9
7159,2
7160,4
7161,15
7162,14
7163,2
7164,4
7165,15
7166,5
7167,11
7168,9
7169,9
7170,3
7171,5
7172,4
7173,2
7174,5
7175,5
7176,2
7177,8
7178,9
7179,15
7180,1
7181,14
7182,2
7183,6
7184,11
7185,14
7186,9
7187,8
7188,4
7189,2
7190,14
7191,11
7192,8
7193,6
7194,15
7195,12
7196,12
7197,8
7198,4
7199,15
7200,6
7201,15
7202,4
7203,8
7204,2
7205,3
7206,11
7207,7
7208,14
7209,11
7210,6
7211,11
7212,15
7213,5
7214,8
7215,12
7216,9
7217,4
7218,9
7219,14
7220,2
7221,6
7222,6
7223,14
7224,10
7225,12
7226,2
7227,14
7228,10
7229,4
7230,7
7231,11
7232,8
7233,14
7234,1
7235,12
7236,11
7237,5
7238,7
7239,1
7240,3
7241,10
7242,11
7243,15
7244,1
7245,3
7246,6
7247,2
7248,12
7249,2
7250,1
7251,6
7252,2
7253,10
7254,10
7255,8
7256,6
7257,13
7258,11
7259,5
7260,10
7261,1
7262,13
7263,5
7264,11
7265,7
7266,6
7267,8
7268,4
7269,11
7270,11
7271,8
7272,7
7273,15
7274,8
7275,11
7276,7
7277,8
7278,12
7279,1
7280,15
7281,9
7282,2
7283,7
7284,1
7285,9
7286,7
7287,9
7288,9
7289,10
7290,12
7291,10
7292,12
7293,7
7294,8
7295,10
7296,15
7297,5
7298,12
7299,9
7300,14
7301,1
7302,9
7303,5
7304,3
7305,10
7306,10
7307,8
7308,14
7309,11
7310,5
7311,8
7312,11
7313,5
7314,1
7315,13
7316,12
7317,14
7318,12
7319,7
7320,10
7321,15
7322,6
7323,11
7324,15
7325,5
7326,10
7327,10
7328,14
7329,9
7330,3
7331,14
7332,14
7333,15
7334,14
7335,2
7336,7
7337,12
7338,10
7339,7
7340,3
7341,2
7342,10
7343,11
7344,15
7345,1
7346,12
7347,5
7348,1
7349,1
7350,4
7351,3
7352,2
7353,5
7354,10
7355,11
7356,5
7357,6
7358,9
7359,5
7360,8
7361,15
7362,6
7363,15
7364,3
7365,6
7366,5
7367,9
7368,13
7369,15
7370,4
7371,6
7372,3
7373,14
7374,6
7375,10
7376,1
7377,8
7378,10
7379,14
7380,13
7381,2
7382,2
7383,5
7384,6
7385,11
7386,9
7387,3
7388,14
7389,8
7390,10
7391,10
7392,13
7393,10
7394,8
7395,4
7396,7
7397,14
7398,2
7399,3
7400,4
7401,7
7402,3
7403,3
7404,10
7405,11
7406,11
7407,6
7408,6
7409,7
7410,3
7411,5
7412,15
7413,4
7414,4
7415,10
7416,4
7417,8
7418,7
7419,5
7420,5
7421,2
7422,10
7423,7
7424,14
7425,13
7426,1
7427,8
7428,4
7429,10
7430,15
7431,9
7432,9
7433,3
7434,5
7435,14
7436,7
7437,8
7438,11
7439,4
7440,13
7441,10
7442,2
7443,12
7444,5
7445,12
7446,2
7447,12
7448,12
7449,10
7450,8
7451,7
7452,15
7453,13
7454,4
7455,6
7456,4
7457,14
7458,7
7459,3
7460,6
7461,12
7462,3
7463,15
7464,4
7465,9
7466,9
7467,12
7468,12
7469,8
7470,7
7471,9
7472,13
7473,3
7474,2
7475,6
7476,14
7477,8
7478,14
7479,5
7480,3
7481,7
7482,3
7483,11
7484,3
7485,6
7486,7
7487,4
7488,4
7489,12
7490,11
7491,13
7492,2
7493,11
7494,5
7495,12
7496,3
7497,3
7498,12
7499,5
7500,15
7501,6
7502,3
7503,15
7504,4
7505,13
7506,9
7507,3
7508,9
7509,11
7510,1
7511,13
7512,7
7513,1
7514,1
7515,14
7516,12
7517,7
7518,15
7519,8
7520,7
7521,13
7522,2
7523,5
7524,9
7525,13
7526,13
7527,15
7528,4
7529,13
7530,11
7531,3
7532,6
7533,14
7534,14
7535,7
7536,4
7537,4
7538,10
7539,9
7540,15
7541,7
7542,15
7543,2
7544,10
7545,7
7546,5
7547,1
7548,9
7549,12
7550,14
7551,7
7552,12
7553,9
7554,15
7555,9
7556,11
7557,6
7558,4
7559,3
7560,2
7561,13
7562,5
7563,12
7564,15
7565,1
7566,15
7567,2
7568,11
7569,15
7570,5
7571,3
7572,3
7573,3
7574,3
7575,1
7576,11
7577,10
7578,12
7579,7
7580,11
7581,2
7582,4
7583,7
7584,9
7585,7
7586,12
7587,7
7588,13
7589,10
7590,1
7591,12
7592,4
7593,12
7594,3
7595,2
7596,7
7597,6
7598,5
7599,14
7600,3
7601,6
7602,6
7603,5
7604,11
7605,8
7606,12
7607,3
7608,14
7609,2
7610,11
7611,3
7612,11
7613,6
7614,8
7615,9
7616,1
7617,14
7618,11
7619,8
7620,4
7621,4
7622,5
7623,10
7624,6
7625,14
7626,8
7627,5
7628,14
7629,5
7630,4
7631,4
7632,8
7633,10
7634,2
7635,1
7636,8
7637,9
7638,5
7639,12
7640,5
7641,5
7642,11
7643,12
7644,11
7645,14
7646,10
7647,1
7648,12
7649,8
7650,13
7651,8
7652,6
7653,2
7654,12
7655,3
7656,2
7657,15
7658,10
7659,12
7660,5
7661,6
7662,5
7663,9
7664,9
7665,2
7666,5
7667,1
7668,8
7669,9
7670,7
7671,14
7672,1
7673,10
7674,5
7675,13
7676,9
7677,2
7678,2
7679,2
7680,4
7681,10
7682,14
7683,3
7684,2
7685,3
7686,9
7687,1
7688,5
7689,12
7690,12
7691,4
7692,6
7693,11
7694,6
7695,9
7696,15
7697,4
7698,10
7699,10
7700,8
7701,12
7702,9
7703,12
7704,13
7705,14
7706,15
7707,13
7708,14
7709,3
7710,3
7711,10
7712,9
7713,11
7714,1
7715,2
7716,8
7717,9
7718,6
7719,9
7720,7
7721,11
7722,7
7723,12
7724,13
7725,3
7726,1
7727,15
7728,4
7729,15
7730,8
7731,9
7732,15
7733,10
7734,5
7735,6
7736,12
7737,10
7738,12
7739,1
7740,3
7741,9
7742,9
7743,13
7744,1
7745,12
7746,11
7747,4
7748,3
7749,13
7750,14
7751,5
7752,4
7753,12
7754,8
7755,1
7756,5
7757,6
7758,4
7759,7
7760,14
7761,7
7762,5
7763,12
7764,13
7765,6
7766,10
7767,11
7768,11
7769,3
7770,7
7771,12
7772,1
7773,5
7774,13
7775,14
7776,12
7777,2
7778,7
7779,1
7780,7
7781,6
7782,8
7783,4
7784,1
7785,14
7786,1
7787,4
7788,4
7789,11
7790,5
7791,7
7792,3
7793,10
7794,10
7795,14
7796,11
7797,14
7798,11
7799,11
7800,10
7801,2
7802,1
7803,14
7804,5
7805,3
7806,2
7807,2
7808,11
7809,5
7810,13
7811,5
7812,11
7813,2
7814,7
7815,13
7816,9
7817,8
7818,13
7819,1
7820,10
7821,14
7822,12
7823,4
7824,10
7825,8
7826,10
7827,3
7828,10
7829,5
7830,11
7831,3
7832,1
7833,13
7834,3
7835,15
7836,7
7837,8
7838,2
7839,1
7840,6
7841,1
7842,10
7843,7
7844,14
7845,1
7846,3
7847,2
7848,12
7849,13
7850,9
7851,15
7852,1
7853,13
7854,6
7855,2
7856,5
7857,3
7858,4
7859,13
7860,4
7861,5
7862,4
7863,8
7864,5
7865,13
7866,6
7867,15
7868,1
7869,8
7870,8
7871,2
7872,3
7873,5
7874,4
7875,6
7876,7
7877,5
7878,9
7879,13
7880,12
7881,5
7882,5
7883,12
7884,1
7885,9
7886,3
7887,14
7888,5
7889,5
7890,15
7891,3
7892,13
7893,5
7894,3
7895,7
7896,3
7897,14
7898,13
7899,6
7900,5
7901,3
7902,12
7903,14
7904,10
7905,15
7906,2
7907,11
7908,10
7909,10
7910,10
7911,3
7912,7
7913,15
7914,7
7915,15
7916,11
7917,6
7918,7
7919,15
7920,14
7921,2
7922,14
7923,14
7924,12
7925,3
7926,11
7927,3
7928,2
7929,14
7930,8
7931,10
7932,12
7933,14
7934,5
7935,15
7936,14
7937,13
7938,13
7939,5
7940,15
7941,3
7942,5
7943,5
7944,9
7945,13
7946,9
7947,14
7948,13
7949,14
7950,1
7951,7
7952,1
7953,10
7954,6
7955,12
7956,4
7957,11
7958,14
7959,13
7960,4
7961,6
7962,10
7963,10
7964,11
7965,12
7966,2
7967,1
7968,11
7969,7
7970,12
7971,4
7972,11
7973,8
7974,7
7975,13
7976,13
7977,15
7978,14
7979,12
7980,14
7981,12
7982,4
7983,12
7984,3
7985,14
7986,10
7987,8
7988,9
7989,5
7990,14
7991,13
7992,7
7993,12
7994,3
7995,15
7996,7
7997,13
7998,11
7999,7
8000,8
8001,13
8002,9
8003,15
8004,8
8005,7
8006,12
8007,12
8008,2
8009,10
8010,10
8011,5
8012,2
8013,11
8014,4
8015,1
8016,6
8017,3
8018,14
8019,10
8020,14
8021,14
8022,3
8023,7
8024,8
8025,2
8026,5
8027,6
8028,7
8029,2
8030,10
8031,6
8032,2
8033,1
8034,5
8035,6
8036,14
8037,10
8038,13
8039,6
8040,4
8041,8
8042,15
8043,12
8044,8
8045,3
8046,7
8047,12
8048,9
8049,8
8050,2
8051,12
8052,8
8053,6
8054,3
8055,12
8056,14
8057,12
8058,14
8059,10
8060,4
8061,12
8062,12
8063,9
8064,5
8065,1
8066,10
8067,13
8068,5
8069,12
8070,2
8071,13
8072,12
8073,2
8074,5
8075,13
8076,7
8077,2
8078,13
8079,10
8080,11
8081,4
8082,2
8083,13
8084,9
8085,10
8086,12
8087,15
8088,15
8089,7
8090,1
8091,12
8092,1
8093,15
8094,14
8095,14
8096,14
8097,1
8098,8
8099,6
8100,9
8101,4
8102,4
8103,14
8104,9
8105,15
8106,1
8107,3
8108,2
8109,7
8110,2
8111,7
8112,5
8113,7
8114,1
8115,4
8116,8
8117,14
8118,14
8119,8
8120,2
8121,9
8122,14
8123,2
8124,14
8125,13
8126,6
8127,2
8128,10
8129,6
8130,2
8131,2
8132,10
8133,8
8134,9
8135,11
8136,3
8137,5
8138,6
8139,6
8140,10
8141,15
8142,10
8143,6
8144,2
8145,7
8146,2
8147,7
8148,10
8149,5
8150,6
8151,8
8152,3
8153,13
8154,8
8155,3
8156,4
8157,6
8158,14
8159,4
8160,3
8161,6
8162,10
8163,3
8164,8
8165,1
8166,9
8167,4
8168,3
8169,11
8170,1
8171,14
8172,14
8173,8
8174,4
8175,5
8176,6
8177,3
8178,5
8179,3
8180,7
8181,4
8182,8
8183,13
8184,7
8185,11
8186,6
8187,3
8188,15
8189,8
8190,6
8191,7
8192,7
8193,15
8194,12
8195,4
8196,2
8197,11
8198,6
8199,2
8200,4
8201,1
8202,11
8203,3
8204,5
8205,9
8206,8
8207,12
8208,11
8209,9
8210,13
8211,1
8212,10
8213,14
8214,3
8215,6
8216,4
8217,12
8218,6
8219,14
8220,13
8221,14
8222,11
8223,5
8224,1
8225,6
8226,2
8227,14
8228,11
8229,12
8230,12
8231,14
8232,15
8233,8
8234,6
8235,11
8236,1
8237,8
8238,11
8239,15
8240,5
8241,3
8242,12
8243,6
8244,2
8245,2
8246,14
8247,9
8248,12
8249,4
8250,3
8251,4
8252,8
8253,7
8254,14
8255,12
8256,12
8257,1
8258,4
8259,4
8260,10
8261,10
8262,9
8263,6
8264,15
8265,6
8266,7
8267,10
8268,4
8269,8
8270,3
8271,15
8272,9
8273,14
8274,12
8275,15
8276,5
8277,10
8278,9
8279,8
8280,7
8281,14
8282,2
8283,2
8284,15
8285,15
8286,8
8287,2
8288,4
8289,10
8290,1
8291,2
8292,6
8293,11
8294,6
8295,2
8296,4
8297,13
8298,15
8299,3
8300,10
8301,7
8302,11
8303,13
8304,8
8305,13
8306,13
8307,8
8308,15
8309,13
8310,9
8311,12
8312,9
8313,5
8314,4
8315,5
8316,5
8317,1
8318,14
8319,11
8320,9
8321,6
8322,6
8323,6
8324,7
8325,14
8326,9
8327,3
8328,11
8329,4
8330,4
8331,12
8332,3
8333,15
8334,6
8335,13
8336,13
8337,5
8338,11
8339,15
8340,3
8341,5
8342,10
8343,1
8344,3
8345,3
8346,7
8347,15
8348,5
8349,7
8350,5
8351,8
8352,14
8353,7
8354,12
8355,4
8356,5
8357,9
8358,3
8359,8
8360,4
8361,13
8362,8
8363,10
8364,15
8365,7
8366,2
8367,11
8368,13
8369,13
8370,5
8371,15
8372,11
8373,10
8374,11
8375,11
8376,1
8377,12
8378,10
8379,8
8380,14
8381,10
8382,11
8383,12
8384,12
8385,10
8386,13
8387,5
8388,11
8389,1
8390,7
8391,7
8392,12
8393,13
8394,6
8395,5
8396,15
8397,9
8398,9
8399,12
8400,14
8401,2
8402,1
8403,5
8404,14
8405,6
8406,5
8407,8
8408,4
8409,12
8410,11
8411,9
8412,10
8413,12
8414,9
8415,10
8416,14
8417,13
8418,12
8419,12
8420,1
8421,1
8422,2
8423,13
8424,15
8425,12
8426,10
8427,13
8428,10
8429,9
8430,12
8431,12
8432,6
8433,1
8434,1
8435,6
8436,13
8437,12
8438,9
8439,5
8440,1
8441,4
8442,7
8443,3
8444,10
8445,6
8446,5
8447,13
8448,2
8449,8
8450,3
8451,12
8452,3
8453,5
8454,8
8455,13
8456,7
8457,8
8458,4
8459,10
8460,3
8461,15
8462,8
8463,7
8464,2
8465,13
8466,14
8467,4
8468,13
8469,3
8470,10
8471,2
8472,10
8473,1
8474,9
8475,1
8476,3
8477,2
8478,9
8479,12
8480,4
8481,8
8482,4
8483,1
8484,7
8485,12
8486,4
8487,7
8488,1
8489,1
8490,2
8491,13
8492,10
8493,13
8494,6
8495,6
8496,8
8497,15
8498,11
8499,9
8500,2
8501,5
8502,12
8503,13
8504,11
8505,14
8506,9
8507,1
8508,9
8509,12
8510,1
8511,12
8512,12
8513,14
8514,7
8515,6
8516,13
8517,4
8518,4
8519,4
8520,8
8521,9
8522,7
8523,8
8524,1
8525,3
8526,4
8527,2
8528,12
8529,9
8530,5
8531,1
8532,4
8533,3
8534,13
8535,6
8536,14
8537,9
8538,8
8539,7
8540,14
8541,11
8542,14
8543,15
8544,12
8545,9
8546,14
8547,14
8548,15
8549,15
8550,7
8551,8
8552,4
8553,10
8554,3
8555,2
8556,3
8557,8
8558,11
8559,12
8560,11
8561,6
8562,12
8563,14
8564,14
8565,12
8566,3
8567,2
8568,13
8569,4
8570,3
8571,10
8572,4
8573,4
8574,14
8575,13
8576,10
8577,14
8578,4
8579,4
8580,7
8581,6
8582,5
8583,11
8584,6
8585,8
8586,2
8587,6
8588,15
8589,10
8590,14
8591,1
8592,11
8593,6
8594,1
8595,1
8596,12
8597,13
8598,8
8599,7
8600,11
8601,14
8602,12
8603,3
8604,10
8605,6
8606,8
8607,10
8608,2
8609,14
8610,14
8611,11
8612,13
8613,13
8614,1
8615,13
8616,2
8617,5
8618,1
8619,11
8620,14
8621,10
8622,5
8623,5
8624,3
8625,7
8626,12
8627,9
8628,4
8629,6
8630,4
8631,5
8632,4
8633,12
8634,14
8635,15
8636,10
8637,11
8638,10
8639,1
8640,8
8641,1
8642,5
8643,4
8644,3
8645,2
8646,10
8647,15
8648,4
8649,14
8650,14
8651,14
8652,2
8653,14
8654,13
8655,1
8656,3
8657,10
8658,7
8659,9
8660,14
8661,7
8662,5
8663,10
8664,10
8665,12
8666,10
8667,1
8668,2
8669,14
8670,13
8671,15
8672,5
8673,12
8674,12
8675,10
8676,12
8677,4
8678,8
8679,2
8680,10
8681,8
8682,9
8683,3
8684,9
8685,15
8686,8
8687,7
8688,5
8689,10
8690,14
8691,5
8692,5
8693,1
8694,14
8695,5
8696,8
8697,9
8698,2
8699,7
8700,2
8701,12
8702,6
8703,12
8704,1
8705,3
8706,12
8707,13
8708,11
8709,15
8710,4
8711,6
8712,13
8713,6
8714,5
8715,10
8716,9
8717,12
8718,5
8719,7
8720,2
8721,13
8722,15
8723,7
8724,6
8725,7
8726,14
8727,3
8728,5
8729,1
8730,9
8731,10
8732,11
8733,13
8734,8
8735,11
8736,10
8737,13
8738,2
8739,9
8740,9
8741,6
8742,8
8743,11
8744,6
8745,12
8746,9
8747,12
8748,6
8749,12
8750,10
8751,6
8752,10
8753,8
8754,14
8755,2
8756,8
8757,8
8758,9
8759,13
8760,2
8761,15
8762,11
8763,5
8764,15
8765,7
8766,8
8767,1
8768,14
8769,11
8770,12
8771,11
8772,7
8773,10
8774,4
8775,9
8776,15
8777,5
8778,2
8779,2
8780,10
8781,5
8782,2
8783,7
8784,10
8785,6
8786,7
8787,14
8788,10
8789,15
8790,10
8791,8
8792,11
8793,1
8794,9
8795,11
8796,11
8797,4
8798,13
8799,13
8800,15
8801,13
8802,14
8803,10
8804,13
8805,10
8806,11
8807,6
8808,6
8809,5
8810,9
8811,14
8812,9
8813,7
8814,3
8815,8
8816,2
8817,3
8818,4
8819,5
8820,10
8821,5
8822,14
8823,5
8824,4
8825,10
8826,8
8827,2
8828,8
8829,1
8830,11
8831,9
8832,4
8833,10
8834,14
8835,11
8836,12
8837,1
8838,2
8839,6
8840,12
8841,14
8842,6
8843,2
8844,10
8845,6
8846,14
8847,14
8848,14
8849,6
8850,10
8851,5
8852,9
8853,7
8854,3
8855,11
8856,14
8857,12
8858,10
8859,14
8860,9
8861,9
8862,13
8863,11
8864,5
8865,13
8866,14
8867,8
8868,15
8869,14
8870,7
8871,15
8872,5
8873,15
8874,8
8875,4
8876,13
8877,11
8878,2
8879,3
8880,15
8881,8
8882,12
8883,13
8884,7
8885,13
8886,3
8887,3
8888,11
8889,10
8890,10
8891,11
8892,7
8893,12
8894,14
8895,6
8896,2
8897,11
8898,10
8899,4
8900,13
8901,15
8902,2
8903,8
8904,5
8905,4
8906,9
8907,9
8908,9
8909,3
8910,6
8911,13
8912,6
8913,12
8914,13
8915,3
8916,6
8917,10
8918,1
8919,14
8920,3
8921,10
8922,6
8923,6
8924,5
8925,13
8926,9
8927,10
8928,2
8929,3
8930,14
8931,7
8932,7
8933,8
8934,9
8935,1
8936,13
8937,4
8938,11
8939,10
8940,1
8941,6
8942,14
8943,9
8944,1
8945,10
8946,5
8947,8
8948,8
8949,13
8950,11
8951,5
8952,3
8953,9
8954,6
8955,2
8956,1
8957,1
8958,7
8959,6
8960,10
8961,10
8962,11
8963,12
8964,12
8965,3
8966,12
8967,6
8968,1
8969,8
8970,13
8971,5
8972,10
8973,3
8974,13
8975,13
8976,8
8977,4
8978,10
8979,10
8980,14
8981,10
8982,11
8983,6
8984,12
8985,15
8986,14
8987,4
8988,5
8989,6
8990,5
8991,5
8992,6
8993,10
8994,2
8995,2
8996,5
8997,2
8998,4
8999,4
9000,1
9001,13
9002,15
9003,8
9004,3
9005,13
9006,12
9007,10
9008,10
9009,12
9010,9
9011,2
9012,10
9013,2
9014,9
9015,5
9016,2
9017,3
9018,7
9019,10
9020,6
9021,5
9022,2
9023,9
9024,15
9025,15
9026,9
9027,6
9028,10
9029,14
9030,2
9031,7
9032,14
9033,3
9034,4
9035,14
9036,1
9037,12
9038,10
9039,7
9040,7
9041,5
9042,5
9043,9
9044,3
9045,7
9046,9
9047,1
9048,9
9049,8
9050,11
9051,11
9052,6
9053,11
9054,8
9055,15
9056,4
9057,14
9058,13
9059,9
9060,4
9061,2
9062,7
9063,2
9064,13
9065,12
9066,7
9067,6
9068,5
9069,11
9070,11
9071,15
9072,2
9073,6
9074,1
9075,10
9076,4
9077,9
9078,3
9079,12
9080,1
9081,6
9082,10
9083,10
9084,11
9085,2
9086,12
9087,14
9088,7
9089,1
9090,6
9091,5
9092,15
9093,9
9094,11
9095,14
9096,5
9097,5
9098,3
9099,1
9100,1
9101,4
9102,14
9103,9
9104,8
9105,11
9106,9
9107,6
9108,3
9109,11
9110,15
9111,10
9112,1
9113,12
9114,2
9115,6
9116,10
9117,10
9118,6
9119,1
9120,9
9121,10
9122,5
9123,13
9124,2
9125,6
9126,7
9127,14
9128,7
9129,1
9130,15
9131,6
9132,9
9133,11
9134,7
9135,4
9136,2
9137,11
9138,1
9139,6
9140,12
9141,11
9142,7
9143,1
9144,7
9145,8
9146,9
9147,11
9148,13
9149,11
9150,4
9151,1
9152,13
9153,9
9154,13
9155,5
9156,11
9157,11
9158,2
9159,12
9160,9
9161,4
9162,8
9163,4
9164,6
9165,11
9166,6
9167,10
9168,1
9169,15
9170,8
9171,11
9172,8
9173,10
9174,12
9175,6
9176,7
9177,7
9178,10
9179,13
9180,14
9181,2
9182,5
9183,2
9184,4
9185,13
9186,10
9187,2
9188,3
9189,1
9190,9
9191,9
9192,14
9193,6
9194,10
9195,13
9196,4
9197,7
9198,12
9199,4
9200,1
9201,6
9202,3
9203,9
9204,14
9205,12
9206,13
9207,2
9208,14
9209,9
9210,12
9211,5
9212,14
9213,9
9214,3
9215,6
9216,10
9217,4
9218,7
9219,7
9220,11
9221,10
9222,15
9223,15
9224,14
9225,11
9226,14
9227,11
9228,1
9229,5
9230,9
9231,1
9232,11
9233,8
9234,8
9235,13
9236,2
9237,12
9238,9
9239,8
9240,8
9241,15
9242,14
9243,8
9244,6
9245,6
9246,8
9247,3
9248,6
9249,12
9250,1
9251,5
9252,2
9253,1
9254,15
9255,1
9256,9
9257,8
9258,10
9259,15
9260,12
9261,7
9262,12
9263,2
9264,2
9265,9
9266,1
9267,5
9268,9
9269,5
9270,10
9271,12
9272,3
9273,4
9274,8
9275,1
9276,14
9277,14
9278,6
9279,4
9280,9
9281,10
9282,3
9283,8
9284,14
9285,15
9286,8
9287,11
9288,12
9289,14
9290,8
9291,13
9292,6
9293,11
9294,4
9295,3
9296,11
9297,5
9298,15
9299,15
9300,7
9301,9
9302,12
9303,14
9304,9
9305,10
9306,5
9307,12
9308,2
9309,10
9310,14
9311,13
9312,14
9313,14
9314,14
9315,9
9316,12
9317,1
9318,8
9319,15
9320,11
9321,6
9322,3
9323,13
9324,12
9325,7
9326,8
9327,13
9328,11
9329,1
9330,10
9331,11
9332,12
9333,4
9334,1
9335,1
9336,9
9337,1
9338,1
9339,11
9340,5
9341,10
9342,6
9343,2
9344,9
9345,1
9346,13
9347,3
9348,5
9349,14
9350,2
9351,8
9352,3
9353,5
9354,2
9355,15
9356,1
9357,5
9358,6
9359,2
9360,11
9361,9
9362,9
9363,14
9364,5
9365,4
9366,10
9367,4
9368,13
9369,6
9370,2
9371,7
9372,13
9373,15
9374,1
9375,8
9376,6
9377,15
9378,7
9379,11
9380,10
9381,5
9382,2
9383,8
9384,5
9385,13
9386,15
9387,12
9388,7
9389,14
9390,13
9391,4
9392,10
9393,13
9394,13
9395,7
9396,7
9397,11
9398,11
9399,7
9400,7
9401,5
9402,15
9403,15
9404,4
9405,5
9406,8
9407,15
9408,14
9409,14
9410,3
9411,12
9412,1
9413,14
9414,2
9415,4
9416,11
9417,14
9418,15
9419,15
9420,5
9421,10
9422,10
9423,14
9424,3
9425,5
9426,4
9427,4
9428,3
9429,13
9430,8
9431,1
9432,1
9433,10
9434,14
9435,14
9436,3
9437,12
9438,3
9439,6
9440,4
9441,13
9442,4
9443,2
9444,7
9445,13
9446,3
9447,9
9448,8
9449,4
9450,14
9451,6
9452,9
9453,3
9454,1
9455,10
9456,6
9457,5
9458,1
9459,11
9460,6
9461,10
9462,11
9463,4
9464,9
9465,12
9466,15
9467,10
9468,11
9469,7
9470,7
9471,6
9472,12
9473,2
9474,15
9475,13
9476,13
9477,8
9478,3
9479,14
9480,11
9481,1
9482,5
9483,9
9484,6
9485,12
9486,1
9487,15
9488,2
9489,8
9490,5
9491,3
9492,3
9493,3
9494,10
9495,8
9496,11
9497,7
9498,14
9499,11
9500,7
9501,10
9502,6
9503,7
9504,9
9505,9
9506,6
9507,10
9508,8
9509,12
9510,7
9511,9
9512,3
9513,14
9514,6
9515,5
9516,13
9517,2
9518,8
9519,6
9520,7
9521,5
9522,14
9523,10
9524,4
9525,3
9526,10
9527,5
9528,15
9529,7
9530,1
9531,12
9532,11
9533,6
9534,11
9535,12
9536,13
9537,14
9538,5
9539,6
9540,13
9541,2
9542,5
9543,13
9544,13
9545,9
9546,5
9547,15
9548,11
9549,1
9550,6
9551,1
9552,14
9553,5
9554,7
9555,9
9556,14
9557,6
9558,1
9559,3
9560,8
9561,8
9562,10
9563,8
9564,13
9565,1
9566,15
9567,4
9568,10
9569,8
9570,12
9571,15
9572,1
9573,4
9574,5
9575,4
9576,2
9577,11
9578,13
9579,12
9580,14
9581,15
9582,12
9583,11
9584,4
9585,8
9586,10
9587,5
9588,11
9589,9
9590,11
9591,10
9592,2
9593,6
9594,5
9595,8
9596,11
9597,15
9598,11
9599,3
9600,15
9601,5
9602,1
9603,9
9604,4
9605,4
9606,13
9607,7
9608,8
9609,4
9610,2
9611,14
9612,12
9613,3
9614,4
9615,14
9616,12
9617,4
9618,11
9619,10
9620,9
9621,10
9622,8
9623,8
9624,6
9625,9
9626,9
9627,7
9628,8
9629,5
9630,3
9631,13
9632,10
9633,7
9634,13
9635,5
9636,8
9637,15
9638,6
9639,3
9640,12
9641,13
9642,14
9643,8
9644,3
9645,8
9646,13
9647,12
9648,9
9649,4
9650,5
9651,5
9652,1
9653,3
9654,1
9655,6
9656,10
9657,10
9658,9
9659,13
9660,13
9661,1
9662,8
9663,9
9664,15
9665,11
9666,10
9667,7
9668,11
9669,6
9670,5
9671,13
9672,11
9673,15
9674,8
9675,10
9676,9
9677,15
9678,13
9679,3
9680,9
9681,4
9682,3
9683,7
9684,7
9685,15
9686,1
9687,15
9688,5
9689,10
9690,11
9691,1
9692,5
9693,2
9694,7
9695,8
9696,8
9697,4
9698,14
9699,12
9700,8
9701,15
9702,4
9703,1
9704,14
9705,7
9706,10
9707,12
9708,5
9709,5
9710,2
9711,9
9712,10
9713,5
9714,13
9715,5
9716,5
9717,3
9718,8
9719,2
9720,4
9721,6
9722,14
9723,1
9724,4
9725,5
9726,10
9727,6
9728,15
9729,10
9730,10
9731,2
9732,8
9733,9
9734,7
9735,15
9736,4
9737,14
9738,9
9739,8
9740,13
9741,9
9742,11
9743,14
9744,5
9745,4
9746,13
9747,5
9748,2
9749,1
9750,2
9751,11
9752,2
9753,13
9754,4
9755,6
9756,4
9757,8
9758,9
9759,5
9760,14
9761,10
9762,6
9763,3
9764,7
9765,8
9766,9
9767,11
9768,13
9769,3
9770,15
9771,4
9772,10
9773,11
9774,12
9775,6
9776,8
9777,13
9778,3
9779,7
9780,12
9781,2
9782,15
9783,6
9784,13
9785,1
9786,14
9787,12
9788,13
9789,9
9790,14
9791,9
9792,12
9793,14
9794,8
9795,15
9796,3
9797,6
9798,9
9799,13
9800,2
9801,3
9802,5
9803,14
9804,15
9805,12
9806,15
9807,2
9808,13
9809,10
9810,1
9811,15
9812,2
9813,3
9814,10
9815,9
9816,6
9817,13
9818,12
9819,3
9820,12
9821,15
9822,11
9823,6
9824,4
9825,4
9826,8
9827,2
9828,8
9829,10
9830,11
9831,7
9832,8
9833,12
9834,8
9835,4
9836,1
9837,10
9838,8
9839,12
9840,10
9841,11
9842,9
9843,13
9844,11
9845,7
9846,15
9847,13
9848,12
9849,8
9850,4
9851,6
9852,14
9853,10
9854,7
9855,2
9856,8
9857,7
9858,13
9859,11
9860,9
9861,14
9862,10
9863,9
9864,2
9865,1
9866,13
9867,5
9868,11
9869,9
9870,11
9871,10
9872,7
9873,7
9874,12
9875,1
9876,12
9877,6
9878,6
9879,3
9880,9
9881,11
9882,10
9883,13
9884,5
9885,13
9886,3
9887,8
9888,6
9889,4
9890,13
9891,14
9892,6
9893,8
9894,8
9895,3
9896,7
9897,8
9898,8
9899,5
9900,14
9901,2
9902,14
9903,14
9904,6
9905,13
9906,3
9907,8
9908,9
9909,8
9910,7
9911,3
9912,1
9913,12
9914,11
9915,2
9916,10
9917,12
9918,13
9919,9
9920,6
9921,6
9922,8
9923,15
9924,15
9925,11
9926,13
9927,14
9928,14
9929,3
9930,3
9931,14
9932,12
9933,9
9934,10
9935,9
9936,2
9937,14
9938,7
9939,5
9940,6
9941,13
9942,15
9943,10
9944,3
9945,5
9946,10
9947,10
9948,13
9949,13
9950,7
9951,15
9952,1
9953,13
9954,9
9955,8
9956,4
9957,5
9958,13
9959,10
9960,14
9961,7
9962,9
9963,13
9964,1
9965,15
9966,4
9967,10
9968,12
9969,8
9970,1
9971,4
9972,5
9973,11
9974,7
9975,12
9976,11
9977,10
9978,10
9979,4
9980,12
9981,5
9982,2
9983,1
9984,1
9985,2
9986,6
9987,10
9988,7
9989,8
9990,15
9991,4
9992,1
9993,13
9994,12
9995,7
9996,2
9997,4
9998,4
9999,9
10000,3
